ordinance_no,description,pdf_url
0193-26,"AN ORDINANCE REGULATING THE USE AND INSTALLATION OF MUFFLERS WHICH HAVE BEEN ILLEGALLY MODIFIED, PROVIDING PENALTIES FOR VIOLATION THEREOF, AND FOR OTHER PURPOSES”",javascript:void(0)
0194-26,"AN ORDINANCE PROHIBITING ONLINE SEXUAL ABUSE AND EXPLOITATION OF CHILDREN (OSAEC) AND CHILD SEXUAL ABUSE OR EXPLOITATION MATERIALS (CSAEM) IN THE CITY OF DAVAO INSTITUTIONALIZING PROGRAMS FOR ITS PREVENTION AND ERADICATION AND PROVIDING PENALTIES THEREOF, THEREAFTER ESTABLISHING A SUPPORTIVE ENVIRONMENT FOR CHILD VICTIMS, AND PROVIDING FUNDS THEREFOR",javascript:void(0)
0243-26,"AN ORDINANCE GRANTING INCENTIVES TO ELECTRIC VEHICLE MANUFACTURERS, DEALERS, USERS, PUBLIC CONVEYANCE OPERATORS, SPARE PARTS SUPPLIERS, CHARGING STATIONS AND ENVIRONMENTALLY SOUND BATTERY DISPOSAL AND RECYCLING FACILITY, PURSUANT TO REPUBLIC ACT NO. 11697, CREATION OF A MONITORING BODY FOR PROPER IMPLEMENTATION",javascript:void(0)
0244-26,AN ORDINANCE PRESCRIBING GUIDELINES ON THE CONDUCT OF ROAD-BASED ATHLETIC EVENTS IN THE CITY OF DAVAO,javascript:void(0)
0249-26,"Authors: Councilor Rachel P. Zozobrado 
               Councilor Trisha Ann J. Villafuerte
Co-Authors: Councilors Al Ryan S. Alejandre and Arnolfo Ricardo B. Cabling

AN ORDINANCE REQUIRING FRONT-OF-PACKAGE NUTRITIONAL INFORMATION, CALORIE COUNT, AND FOOD SAFETY WARNINGS IN FOOD PRODUCTS, RESTAURANTS, AND FOOD ESTABLISHMENTS IN DAVAO CITY, AND PROVIDING PENALTIES FOR VIOLATIONS THEREOF

AN ORDINANCE PROMOTING THE PROCUREMENT OF HEALTHY AND NUTRITIOUS FOODS AND REGULATING THE SALE AND MARKETING OF UNHEALTHY FOODS IN DAVAO CITY, AND FOR OTHER PURPOSES",javascript:void(0)
000375-17,"An ordinance repealing City Oridnance No. 156, Series of 1960, otherwise known as ""An ordinance to ban and/or prohibit the use, playing, operation and maintenance of pinball machines and other similar devices""",https://lissp2.davaocity.gov.ph/uploads/items/99010/Ordinance No. 000375-17.pdf
000310-17,An ordinance establishing Violence Against Women (VAW) desk and protocol in handling VAW cases at barangay level,https://lissp2.davaocity.gov.ph/uploads/items/98712/Ordinance No. 000310-17 VAWC.pdf
0903-22,"AN ORDINANCE AMENDING CITY ORDINANCE NO. 0198-20, SERIES OF 2020 ""ESTABLISHING THE CITY COLLEGE OF DAVAO (CCD), DEFINING ITS MANDATE AND APPROPRIATING FUNDS THEREOF""",https://lissp2.davaocity.gov.ph/uploads/items/8751/Ordinance No. 0903-22 (Amend CCD).pdf
0898-22,AN ORDINANCE REGULATING THE MAINTENANCE OF IDLE POLES AND ABANDONED WIRES AND CABLES IN THE CITY OF DAVAO,https://lissp2.davaocity.gov.ph/uploads/items/8308/Ordinance No. 0898-22 (Idle Poles Abandon Wires).pdf
0897-22,"an ordinance amending ordinance no. 0384-10, series of 2010 otherwise known as the ""organic agriculture ordinance of davao city""",https://lissp2.davaocity.gov.ph/uploads/items/3718/Ordinance No. 0897-22 (Amend Organic Agri).pdf
0583-24,"AN ORDINANCE ALLOWING THE REQUEST OF NOEL D. BERSABE, REGISTERED OWNER, FOR A WRITTEN CONSENT AND AUTHORITY FROM THE CITY GOVERNMENT OF DAVAO TO TRANSFER THE TITLE OF THEIR PROPERTY COVERED BY TCT NO. T-421766, INVOLVING A 320-SQUARE METER LOT, DESCRIBED AS LOT 11, BLOCK 7, BCS-2038, LOCATED AT BO. OBRERO, THIS CITY",https://lissp2.davaocity.gov.ph/uploads/items/18081/Ordinance No. 0583-24.pdf
0218-26,"AN ORDINANCE FOR THE TEMPORARY CLOSURE OF ROAD TO VEHICULAR TRAFFIC ALONG J. P. LAUREL AVENUE (IN FRONT OF THE OLD VICTORIA PLAZA) FOR THE DEMOLITION OF THE EXISTING DILAPIDATED OVERPASS BRIDGE LOCATED THEREIN, FROM APRIL 2, 2026 UP TO APRIL 15, 2026",javascript:void(0)
0216-26,"AN ORDINANCE FOR THE TEMPORARY PARTIAL CLOSURE OF ROAD TO VEHICULAR TRAFFIC ALONG JP LAUREL AVE (JCT GAHOL ST. TO JCT F. DIZON ST.) FROM APRIL 6, 2026 UP TO JUNE 6, 2026, IN CONNECTION WITH THE IMPLEMENTATION OF DPWH PROJECT WITH ID. NO. 25LO-0094: CONSTRUCTION OF DRAINAGE STRUCTURE ALONG ROAD MAHARLIKA HIGHWAY, THIS CITY",javascript:void(0)
0230-26,"AN ORDINANCE GRANTING LEGISLATIVE AUTHORITY TO THE CITY MAYOR TO SIGN, FOR AND IN BEHALF OF THE CITY OF DAVAO, THE MEMORANDUM OF AGREEMENT (MOA) TO BE ENTERED INTO BY AND BETWEEN THE CITY OF DAVAO AND THE DEPARTMENT OF EDUCATION (DEPED)- REGION XI, RELATIVE TO THE GRANT OF FINANCIAL SUPPORT IN FAVOR OF THE LATTER FOR THE 2026 PALARONG PAMBANSA AMOUNTING TO SIX MILLION PESOS (PHP6,000,000.00)",javascript:void(0)
0242-26,"AN ORDINANCE FOR THE TEMPORARY PARTIAL CLOSURE OF ROAD (ONE OUTERMOST LANE) TO VEHICULAR TRAFFIC, ALONG J.P. LAUREL AVE. (IN FRONT OF ABREEZA MALL), STRAIGHT TO LANANG, TURN RIGHT TO R. CASTILLO ST. UNTIL DIAMOND HARDWARE REPUBLIC, ON MAY 10, 2026, SUNDAY, FROM 4:00 AM TO 8:30 AM, IN CONNECTION WITH THE EVENT ""TOGETHER WE RUN TO END POLIO""",javascript:void(0)
0217-26,"an Ordinance for the temporary closure of road to vehicular traffic along Buhangin Underpass, this City, in connection with the implementation of a project by the Department of Public Works and Highways (DPWH) from April 12, 2026 to May 11, 2026",javascript:void(0)
0299-26,"AN ORDINANCE AUTHORIZING THE CITY MAYOR TO ENTER INTO AND SIGN, FOR AND IN BEHALF OF THE CITY OF DAVAO, THE DEED OF USUFRUCT BETWEEN THE CITY OF DAVAO AND BARANGAY BAGUIO PROPER COVERING A PORTION OF A CITY-OWNED PROPERTY COVERED BY TRANSFER CERTIFICATE OF TITLE (TCT) NO. T-29751, SUPERSEDING AND CANCELLING THE DEED OF USUFRUCT EXECUTED ON AUGUST 16, 1999",javascript:void(0)
0236-26,"AN ORDINANCE GRANTING LEGISLATIVE AUTHORITY TO THE CITY MAYOR TO ENTER INTO AND SIGN, FOR AND IN BEHALF OF THE CITY OF DAVAO, THE MEMORANDUM OF AGREEMENT (MOA) TO BE ENTERED INTO BY AND BETWEEN THE DEPARTMENT OF TRANSPORTATION (DOTr) AND THE CITY OF DAVAO, RELATIVE TO THE IMPLEMENTATION AND OPERATIONALIZATION ARRANGEMENTS FOR THE DAVAO PUBLIC TRANSPORTATION MODERNIZATION PROJECT (DPTMP)",javascript:void(0)
0273-26,AN ORDINANCE ESTABLISHING THE BAHAY PAG-ASA FOR GIRLS PROGRAM  OF DAVAO CITY,javascript:void(0)
0251-26,"AN ORDINANCE AUTHORIZING THE CITY MAYOR TO ACCEPT AND SIGN, FOR AND IN BEHALF OF THE CITY GOVERNMENT OF DAVAO, THE DEED OF DONATION  EXECUTED BY JULIUS ERVIN O. ENCISO, IN FAVOR OF THE CITY OF DAVAO INVOLVING TEN (10) POC GALAXY G3169 WITH GPS",javascript:void(0)
0237-26,"AN ORDINANCE PRESCRIBING COMPREHENSIVE RULES AND REGULATIONS IN THE CONDUCT OF DAVAO CITY ULTRA TRAIL RUN OF 2026 DECLARING THE SAME AS A CITY-SPONSORED ACTIVITY, PROVIDING FOR REGISTRATION FEES AND FOR OTHER PURPOSE",javascript:void(0)
0281-26,"AN ORDINANCE AMENDING SECTION 3 OF CITY ORDINANCE NO. 0227-14, SERIES OF 2014, OTHERWISE KNOWN AS ""AN ORDINANCE FOR THE CREATION OF TRUST FUND ACCOUNT FOR THE OFFICE OF THE BUILDING OFFICIAL AND PRESCRIBING PROCEDURAL GUIDELINES FOR THE DISPOSITION AND USE OF THE FIFTEEN PERCENT (15%) GENERATED FROM BUILDING PERMIT FEES AND OTHER CHARGES UNDER THE NATIONAL BUILDING CODE OF THE PHILIPPINES (PD1096)""",javascript:void(0)
0256-26,"AN ORDINANCE AUTHORIZING THE CITY MAYOR TO ENTER INTO AND SIGN, THE MEMORANDUM OF UNDERSTANDING  (MOU) TO BE ENTERED INTO BY AND BETWEEN THE CITY GOVERNMENT OF DAVAO AND  MAPUA MALAYAN COLLEGES MINDANAO FOR THE ESTABLISHMENT OF RESEARCH COLLABORATION, STUDENT EXPOSURE, TRAINING AND CAPACITY BUILDING, AND TECHNICAL EXCHANGE ACTIVITIES ON DISASTER RISK REDUCTION ANDMANAGEMENT, AND PROVIDING GUIDELINES FOR ITS IMPLEMENTATION",javascript:void(0)
0274-26,"AN ORDINANCE FOR THE TEMPORARY FULL ROAD CLOSURE, STRETCHING FROM AURORA QUEZON STREET CORNER FATIMA STREET UNTIL CORNER PONCE STREET, FOR THE CELEBRATION OF ""32ND ARAW NG BARANGAY 25-C”, ON 1) JUNE 21-25, 2026 FROM 7:00 PM TO 11:00 PM, 2) JUNE 26, 2026 FROM 4:00 PM TO 11:00 PM, 3) JUNE 27, 2026 FROM 6:00 AM TO 12:00 PM, AND 4) JUNE 27, 2026 FROM 6:00 PM TO 12:00 AM",javascript:void(0)
0247-26,"AN ORDINANCE GRANTING LEGISLATIVE AUTHORITY  TO THE CITY MAYOR TO ENTER INTO AND SIGN, FOR AND IN BEHALF OF THE CITY OF DAVAO, THE  MEMORANDUM OF AGREEMENT (MOA) TO BE ENTERED INTO BY AND AMONG THE UNIVERSITY OF SOUTHEASTERN PHILIPPINES (USEP) , THE DEPARTMENT OF EDUCATION (DEPED) - DAVAO CITY SCHOOLS DIVISION, THE CITY OF DAVAO , AND THE BARANGAY COUNCIL OF MALABOG, RELATIVE TO THE ESTABLISHMENT OF A TEMPORARY SCHOOL SITE FOR USEP MALABOG EXTENSION CAMPUS AT MALABOG CENTRAL ELEMENTARY  SCHOOL, BARANGAY MALABOG, PAQUIBATO DISTRICT, THIS CITY",javascript:void(0)
0275-26,"AN ORDINANCE FOR THE TEMPORARY ROAD CLOSURE LIMITED TO THE OUTERMOST LANE, STRETCHING FROM BAGO ESPLANADE PARKING AREA UNTIL TALOMO BRIDGE, DAVAO CITY COASTAL ROAD ON JUNE 20, 2026, SATURDAY, FROM 3:00 AM TO 8:00 AM, IN CONNECTION WITH THE EVENT ""PROFESSIONAL RUN 2026""",javascript:void(0)
0248-26,"AN ORDINANCE APPROVING THE REQUEST OF THE BUREAU OF FIRE PROTECTION - DAVAO CITY FIRE DISTRICT OFFICE, FOR AN AUTHORITY TO PURCHASE MOTOR VEHICLE (APMV) TO BE CHARGE AGAINST THE 20% LOCAL GOVERNMENT FUND SHARE FROM

Cross reference with R - 01241-26",javascript:void(0)
0246-26,"AN ORDINANCE FOR THE TEMPORARY CLOSURE OF ROAD TO VEHICULAR TRAFFIC , PARTICULARLY ALONG ROXAS AVENUE (BOTH LANES), FROM THE CORNER OF CLAVERIA  ST., TO PADRE FAURA ST., ON EITHER MAY 26,2026, OR MAY 27,2026, FROM 1AM TO 9AM, FOR THE CONDUCT OF THE UNITED CENTRALIZED EID'L ADHA CONGREGATIONAL PRAYER 2026",javascript:void(0)
0305-26,"AN ORDINANCE FOR THE TEMPORARY CLOSURE OF ROAD TO VEHICULAR TRAFFIC LIMITED TO THE OUTERMOST LANE, STRETCHING FROM DAVAO GLOBAL TOWNSHIP (DGT), MCARTHUR HIGHWAY, QUIMPO BLVD., TULIP DRIVE, AND DAVAO COASTAL ROAD (BAGO ESPLANADE TO ROXAS EXTENSION ROTUNDA), ON AUGUST 2, 2026, FROM 12:00 AM TO 8:OO AM, IN CONNECTION WITH THE EVENT ""NATIONAL MILO
MARATHON DAVAO ELIMINATIONS""",javascript:void(0)
0312-26,"AN ORDINANCE FOR THE TEMPORARY CLOSURE OF ROAD TO VEHICULAR TRAFFIC LIMITED TO THE OUTERMOST LANE, STRETCHING FROM DAVAO FOURSQUARE GOSPEL CHURCH, LOPEZ JAENA ST., MT. APO ST., GENERAL LUNA ST.,  QUIRINO AVENUE, AND TO J. P. LAUREL AVENUE UP TO  PS BANK IN FRONT OF ROBINSONS CYBERGATE, ON AUGUST 8, 2026,  FROM 4:00 AM TO 8:00 AM, IN CONNECTION WITH THE EVENT, “STRIDE70 FUN RUN”",javascript:void(0)
0313-26,"AN ORDINANCE FOR THE TEMPORARY CLOSURE OF ROAD TO VEHICULAR TRAFFIC LIMITED TO THE OUTERMOST LANE, STRETCHING FROM SM LANANG,  J.P. LAUREL AVE., CABAGUIO AVE., LEON GARCIA ST., QUEZON BOULEVARD, ROXAS EXTENSION,  DAVAO CITY COASTAL ROAD, AND MCARTHUR HIGHWAY UP CROSSING MACLEOD ST., ON AUGUST 15, 2026, FROM 12:00 AM TO 8:00 AM, IN CONNECTION WITH THE EVENT, ""SINGLIFE DAVAO MARATHON""",javascript:void(0)
0272-26,"AN ORDINANCE AMENDING THE COCKFIGHTING CODE OF DAVAO CITY PARTICULARLY SECTION 3, (G) TO REQUIRE ALL EXISTING AND FUTURE COCKPIT OWNERS, OPERATORS, AND APPLICANTS TO SUBMIT A SWORN UNDERTAKING OF NO PROHIBITED INTEREST, IN COMPLIANCE WITH SECTION 89(a)(2) OF THE LOCAL GOVERNMENT CODE OF 1991 AND SECTION 3(j) OR REPUBLIC ACT NO. 3019",javascript:void(0)
0255-26,"AN ORDINANCE GRANTING LEGISLATIVE AUTHORITY TO FY 2026 SUPPLEMENTAL BUDGET NO. 1, OF THE CITY GOVERNMENT OF DAVAO, CONSISTING OF THE GENERAL FUND PROPER, DEVELOPMENT FUND AND THE ECONOMIC ENTERPRISES IN THE TOTAL AMOUNT OF ONE BILLION TWO HUNDRED FIFTY-THREE MILLION FIVE HUNDRED FORTY-ONE THOUSAND FIFTY-EIGHT PESOS AND 86/ 100 (P1,253,541,058.86)",javascript:void(0)
0277-26,"AN ORDINANCE FOR  THE TEMPORARY  CLOSURE OF ROAD TO VEHICULAR TRAFFIC ALONG DEL PILAR EXTENSION CORNER CABAGUIO AVENUE,  FROM JUNE 30, 2026 TO JULY 31, 2026,  9:00 PM TO 5:00 AM,  FOR  THE  RESTORATION WORKS TO BE PERFORMED BY J.V. ANGELES CONSTRUCTION CORPORATION",javascript:void(0)
0278-26,"AN ORDINANCE FOR THE TEMPORARY PARTIAL CLOSURE OF ROAD TO  VEHICULAR TRAFFIC LIMITED TO THE OUTERMOST LANE STRETCHING FROM TORIL PARK, AGTON STREET, DAVAO-DIGOS ROAD, DAVAO CITY COASTAL ROAD UP TO THE MANGROVES, ON JULY 5, 2026, FROM  1:00 AM TO 8:00 AM, IN CONNECTION WITH  THE UPCOMING EVENT, ""6TH EDITION TDS65 ULTRA-MARATHON""",javascript:void(0)
0311-26,"AN ORDINANCE FOR THE TEMPORARY CLOSURE OF ROAD TO VEHICULAR TRAFFIC LIMITED TO THE OUTERMOST LANE, STRETCHING  FROM  BAGO ESPLANADE, DAVAO CITY COASTAL ROAD UP TO THE MANGROVES, ON  AUGUST 15, 2026,  FROM 3:00 AM TO 8:00 AM, IN CONNECTION WITH  THE UPCOMING EVENT, ""KAPALIGIRUN 2026""",javascript:void(0)
0297-26,"AN ORDINANCE FOR THE TEMPORARY  CLOSURE OF ROAD LIMITED TO THE OUTERMOST LANE, STRETCHING FROM BAGO ESPLANADE PARKING AREA UNTIL THE MANGROVES, DAVAO CITY COASTAL ROAD, ON JULY 18, 2O26, FROM 3:00 AM TO 8:00 AM, IN CONNECTION WITH THE EVENT, ""ADOPT-A-COTTAGE SEASON 2, I RUN, I CARE""",javascript:void(0)
0298-26,"AN ORDINANCE FOR THE TEMPORARY CLOSURE OF ROAD LIMITED TO THE OUTERMOST LANE, STRETCHTNG FROM LOS AMIGOS ECO PARK UNTIL THE WHITE HOUSE, CALINAN, DAVAO CITY, ON JULY 19,2026, FROM 3:00 AM TO 8:00 AM, IN CONNECTION WITH THE EVENT ""DCHEC RUN 2026: MUBO NGA DAGAN, DAKO NA TABANG V.2.0""",javascript:void(0)
0304-26,"AN ORDINANCE FOR THE TEMPORARY CLOSURE OF ROAD TO VEHICULAR TRAFFIC LIMITED TO THE OUTERMOST LANE, STRETCHING FROM SPMC GROUNDS, DUMANLAS ROAD, J. P. LAUREL AVE., UP TO THE GRAND REGAL HOTEL, ON AUGUST 01, 2026, FROM 4:00 AM TO 7:00 AM, IN CONNECTION WITH THE UPCOMING EVENT, ""RUN SPMC 2026""",javascript:void(0)
0306-26,"AN ORDINANCE FOR THE TEMPORARY CLOSURE OF ROAD TO VEHICULAR TRAFFIC  LIMITED TO THE OUTERMOST LANE, STRETCHING FROM EMCOR COMPOUND, J. P. LAUREL AVE., F. TORRES ST,, EMILIO JACINTO EXT., ELPIDIO QUIRINO  AVE., C. BANGOY ST., J. PALMA GIL ST., AND C.M. RECTO STREET, ON AUGUST 2, 2026, FROM 4:00 AM TO 9:00 AM, IN CONNECTION WITHTHE FUN RUN EVENT OF EMCOR, INC.",javascript:void(0)
0280-26,"AN ORDINANCE GRANTING FULL EXEMPTION TO DAVAO AMUMA CANCER SUPPORT ASSOCIATION, INC. FROM THE PAYMENT OF AMUSEMENT TAX  ON THE PROCEEDS OF TICKET REVENUES FOR THE ""HANGGANG SA MULI""  CHARITY  BENEFIT MUSICAL EVENT",javascript:void(0)
0250-26,"AN ORDINANCE PROMOTING THE PROCUREMENT OF HEALTHY AND NUTRITIOUS FOODS AND REGULATING THE SALE AND MARKETING OF UNHEALTHY FOODS IN DAVAO CITY, AND FOR OTHER PURPOSES",javascript:void(0)
0267-26,"with certificate of urgency to be passed under Suspended Rules during the Regular Session of the 21st City Council on June 2,2026

"" An Ordinance  granting legislative authority to the City Mayor to sign , for and in behalf of the City of Davao , The Deed of Donation (DOD) between the City of Davao and the Bangsa Iranun Descendants Association, relative to the provision of Twenty-Nine (29)  units of Sewing Machines with portable plastic case and motor""",javascript:void(0)
0309-26,"AN ORDINANCE FOR THE TEMPORARY CLOSURE OF  ROAD TO VEHICULAR TRAFFIC  LIMITED TO THE OUTERMOST LANE, STRETCHING FROM FREEDOM PARK, QUEZON BOULEVARD, QUIMPO BOULEVARD, TULIP DRIVE, DAVAO CITY COASTAL ROAD AND MCARTHUR HIGHWAY UP TO BARANGAY LIZADA NEAR GAISANO GRAND TORIL, ON AUGUST 9, 2026, 1:00 A.M. UP TO 9:00 A.M., IN CONNECTION WITH THE EVENT, ""GAHI MARATHON RUN""",javascript:void(0)
0270-26,"with certificate of urgency to be passed under Suspended Rules during the Regular Session of the 21st City Council on June 9,2026

"" An Ordinance  authorizing the City Government of Davao to apply for and participate in the Department of Energy's Special Auction Round for Waste-to- Energy (WTE), to Bid  the Davao City Waste- to-Energy Project thereat, designating its authorized representative, alternate representative, and official Observer, and Authorizing the authorized representative and alternate representative to sign, execute and deliver and documents and amendments thereto necessary or relating to the City Government  participation in the auction , including the ensuing supply contract under the Green Energy Auction Program (GEAP)""",javascript:void(0)
0271-26,"with Certificate of Urgency to be passed under Suspended Rules during the Regular Session of 21st City Council on June 9, 2026

AN ORDINANCE FOR THE TEMPORARY CLOSURE OF THE FOLLOWING ROADS TO VEHICULAR TRAFFIC ON JUNE 20, 21, 25, 26, 27, 28 AND 29, 2026, IN CONNECTION WITH THE CELEBRATION OF DUAW DAVAO 2026
1. JUNE 20, 2026 MARCO POLO GROUNDS-PARTIAL ROAD CLOSURE
2. JUNE 21, 2026 ROXAS AVENUE (ATENEO DE DAVAO UNIVERSITY TO C.M. RECTO AVENUE-TO BONIFACIO STREET
FULL ROAD CLOSURE FROM J. CAMUS STREET TO PALMA GIL STREET (PEOPLE'S PARK GATE)
3. JUNE 25, 2026 FULL ROAD CLOSURE AT SAN PEDRO STREET (SAN PEDRO SQUARE FRONTING SAN PEDRO CATHEDRAL AND SANGGUNIANG PANLUNGSOD)
4. JUNE 26, 2026 FULL ROAD CLOSURE AT SAN PEDRO STREET (SAN PEDRO SQUARE FRONTING SAN PEDRO CATHEDRAL AND SANGGUNIANG PANLUNGSOD)
5.JUNE 27, 2026 FULL ROAD CLOSURE AT SAN PEDRO STREET (SAN PEDRO SQUARE FRONTING SAN PEDRO CATHEDRAL AND SANGGUNIANG PANLUNGSOD)
6. JUNE 28, 2026 FULL ROAD CLOSURE AT SAN PEDRO STREET (SAN PEDRO SQUARE FRONTING SAN PEDRO CATHEDRAL AND SANGGUNIANG PANLUNGSOD)",javascript:void(0)
0302-26,"AN ORDINANCE FOR THE TEMPORARY ROAD CLOSURE LIMITED TO THE OUTERMOST LANE, STRETCHING FROM ROXAS FREEDOM PARK, QUEZON BOULEVARD, QUIMPO BOULEVARD, TULIP DRIVE, UP TO BAGO ESPLANADE, DAVAO CITY COASTAL ROAD, ON JULY 25,2026, FROM 2:00 AM TO 9:00 AM, IN CONNECTION WITH THE EVENT ""2ND VETERUN 2026: TAKBO PARA SA PENSYONADO""",javascript:void(0)
0276-26,"AN ORDINANCE FOR THE TEMPORARY ROAD CLOSURE STRETCHING FROM ROXAS AVENUE, C.M. RECTO AVENUE, BONIFACIO STREET, IÑIGO STREET, AND SAN PEDRO STREET, ON JUNE 27, 2026, FROM 1:00 P.M.  UP TO 8:00 P.M., IN CONNECTION WITH THE CELEBRATION OF ""FIESTA SA SAN PEDRO GRAND PROCESSION: PANAWSAULOG 2026""",javascript:void(0)
0279-26,"AN ORDINANCE GRANTING EXEMPTION TO MICRO, SMALL, AND MEDIUM ENTERPRISES DEVELOPMENT (MSMED) WEEK 2026 TRADE FAIR FROM THE PAYMENT OF SPECIAL MAYOR'S PERMIT FEES COVERING THE PERIOD JULY 9, 2026, TO JULY 12, 2026",javascript:void(0)
0286-26,"with Certificate of Urgency for the approval on June 30, 2026 regular session

"" An Ordinance Authorizing the City Mayor to utilize a portion of the Thirty Percent (30%)  Quick Response Fund (QRF) out of the Five Percent (5%) Disaster Risk Reduction and Mgt Fund ( DRRMF) of the City Govt of Davao for CY 2026 in the amount of  One Million  Pesos Only (Php1,000,000.00) as financial assistance to the Province of Davao Occidental, declared under  a State of Calamity due to the severe damage caused by magnitude 7.8 earthquake""",javascript:void(0)
0287-26,"with Certificate of Urgency for the approval on June 30, 2026 regular session

"" An Ordinance Authorizing the City Mayor to utilize a portion of the Thirty Percent (30%)  Quick Response Fund (QRF) out of the Five Percent (5%) Disaster Risk Reduction and Mgt Fund ( DRRMF) of the City Govt of Davao for CY 2026 in the amount of  Five Hundred Thousand   Pesos Only (Php500,000.00) as financial assistance to the City of General Santos,  declared under  a State of Calamity due to the severe damage caused by magnitude 7.8 earthquake""",javascript:void(0)
0288-26,"AN ORDINANCE AUTHORIZING THE CITY MAYOR TO UTILIZE A PORTION OF THE THIRTY PERCENT (30%) QUICK RESPONSE FUND (QRF) OUT OF THE FIVE PERCENT (5%) DISASTER RISK REDUCTION AND MANAGEMENT FUND (DRRMF) OF THE CITY GOVERNMENT OF DAVAO FOR CALENDAR YEAR 2026, IN THE AMOUNT OF THREE HUNDRED THOUSAND PESOS ONLY (PHP 300,000.00) AS FINANCIAL ASSISTANCE TO THE MUNICIPALITY OF SARANGANI, DAVAO OCCIDENTAL, DECLARED UNDER A STATE OF CALAMITY DUE TO THE SEVERE DAMAGE CAUSED BY MAGNITUDE 7.8 EARTHQUAKE",javascript:void(0)
0289-26,"AN ORDINANCE AUTHORIZING THE CITY MAYOR TO UTILIZE A PORTION OF THE THIRTY PERCENT (30%) QUICK RESPONSE FUND (QRF) OUT OF THE FIVE PERCENT (5%) DISASTER RISK REDUCTION AND MANAGEMENT FUND (DRRMF) OF THE CITY GOVERNMENT OF DAVAO FOR CALENDAR YEAR 2026, IN THE AMOUNT OF THREE HUNDRED THOUSAND PESOS ONLY (PHP 300,000.00) AS FINANCIAL ASSISTANCE TO THE  Municipality of Jose Abad Santos , DAVAO OCCIDENTAL, DECLARED UNDER A STATE OF CALAMITY DUE TO THE SEVERE DAMAGE CAUSED BY MAGNITUDE 7.8 EARTHQUAKE",javascript:void(0)
0290-26,"AN ORDINANCE AUTHORIZING THE CITY MAYOR TO UTILIZE A PORTION OF THE THIRTY PERCENT (30%)  QUICK RESPONSE FUND (QRF) OUT OF THE FIVE PERCENT (5%) DISASTER RISK REDUCTION AND MGT FUND ( DRRMF) OF THE CITY GOVT OF DAVAO FOR CY 2026 IN THE AMOUNT OF  FIVE HUNDRED THOUSAND   PESOS ONLY (PHP500,000.00) AS FINANCIAL ASSISTANCE TO THE Municipality of Glan, Sarangani ,  DECLARED UNDER  A STATE OF CALAMITY DUE TO THE SEVERE DAMAGE CAUSED BY MAGNITUDE 7.8 EARTHQUAKE",javascript:void(0)
0291-26,"with Certificate of Urgency for the approval on June 30, 2026 regular session

"" An Ordinance Authorizing the City Mayor to utilize a portion of the Thirty Percent (30%)  Quick Response Fund (QRF) out of the Five Percent (5%) Disaster Risk Reduction and Mgt Fund ( DRRMF) of the City Govt of Davao for CY 2026 in the amount of  Three Hundred Thousand  Pesos Only (Php300,000.00) as financial assistance to the Municipality of Malapatan , Sarangani, declared under  a State of Calamity due to the severe damage caused by magnitude 7.8 earthquake""",javascript:void(0)
0292-26,"with Certificate of Urgency for the approval on June 30, 2026 regular session

"" An Ordinance Authorizing the City Mayor to utilize a portion of the Thirty Percent (30%)  Quick Response Fund (QRF) out of the Five Percent (5%) Disaster Risk Reduction and Mgt Fund ( DRRMF) of the City Govt of Davao for CY 2026 in the amount of  Three Hundred Thousand  Pesos Only (Php300,000.00) as financial assistance to the Municipality of Alabel, Sarangani , declared under  a State of Calamity due to the severe damage caused by magnitude 7.8 earthquake""",javascript:void(0)
0295-26,"with certificate of urgency to be passed under Suspended Rules during the Regular Session of the 21st City Council on July 7,2026, 

AN  ORDINANCE GRANTING LEGISLATIVE AUTHORITY TO THE CITY MAYOR TO ENTER INTO AND SIGN, FOR AND IN BEHALF OF THE CITY OF DAVAO, THE TERMS OF PARTNERSHIP BY AND BETWEEN THE CITY OF DAVAO AND THE DEPARTMENT OF HEALTH (DOH) - CENTER FOR HEALTH DEVELOPMENT DAVAO, RELATIVE TO THE IMPLEMENTATION ARRANGEMENT FOR THE ANNUAL OPERATION PLAN FOR CY 2026""",javascript:void(0)
0303-26,"AN ORDINANCE GRANTING EXEMPTION FROM THE PAYMENT OF  SPECIAL MAYOR'S PERMIT FEE TO THE FLORICULTURE INDUSTRY OF DAVAO, INC. (FIDI) FOR THE CONDUCT OF KADAYAWAN FLORICULTURE TRADE FAIR AT THE COASTAL ROAD FRONTING ECOLAND ROTUNDA FROM AUGUST 07 TO 23,2026",javascript:void(0)
0301-26,"AN ORDINANCE GRANTING LEGISLATIVE AUTHORITY TO THE CITY MAYOR TO ENTER INTO AND SIGN, FOR AND IN BEHALF OF THE CITY OF DAVAO, THE MEMORANDUM OF AGREEMENT (MOA) TO BE ENTERED INTO BY AND AMONG THE CITY OF DAVAO, THE NATIONAL COMMISSION ON INDIGENOUS PEOPLES (NCIP), AND ATA INDIGENOUS POLITICAL STRUCTURE RELATIVE TO THE IMPLEMENTATION OF LANDHOLDING INVENTORY PROJECT PHASE 1 IN PAQUIBATO DISTRICT, THIS CITY",javascript:void(0)
0300-26,"AN ORDINANCE GRANTING LEGISLATIVE AUTHORITY TO THE CITY MAYOR TO ENTER INTO AND SIGN, FOR AND IN BEHALF OF THE CITY OF DAVAO, THE MEMORANDUM OF AGREEMENT (MOA) TO BE ENTERED INTO  BY AND BETWEEN THE CITY OF DAVAO AND RURAL IMPROVEMENT CLUB DAVAO CITY FEDERATION, RELATIVE TO THE IMPLEMENTATION OF THE DAVAO CITY FARM LINK PROJECT",javascript:void(0)
0307-26,"AN ORDINANCE GRANTING EXEMPTION FROM THE PAYMENT OF SPECIAL MAYOR'S PERMIT FEES FOR THE CONDUCT OF THE DAVAO REGION COCOUNT PHILIPPINES TRADE FAIR ORGANIZED BY THE DEPARTMENT OF TRADE AND INDUSTRY-REGION XI TO BE HELD FROM JULY 28, 2026 TO AUGUST 3, 2026 AT SM LANANG ACTIVITY CENTER, LANANG, THIS CITY",javascript:void(0)
000249-20,"An ordinance prohibiting any form of harassment, discrimination, prejudice or inflicting any shame or humiliation against frontliner workers, confirmed infected patients, patients under monitoring or patients under investigation and close contacts during this state of national health emergency and imposing penalties therein",javascript:void(0)
0141-25,AN ORDINANCE ADOPTING AND APPROVING THE LOCAL SHELTER PLAN (LSP) OF DAVAO CITY FOR CALENDAR YEARS 2022-2031. AND FOR OTHER PURPOSE,javascript:void(0)
0136-25,AN ORDINANCE PROMOTING AND REGULATING HONEY BEE PRODUCTION IN DAVAO CITY,javascript:void(0)
0111-25,"AN ORDINANCE REVISING THE COMPREHENSIVE CHILDREN AND FAMILY SUPPORT SYSTEM IN DAVAO CITY OR ORDINANCE NO. 049-19, SERIES OF 2019, OTHERWISE KNOWN AS THE “REVISED DAVAO CITY CHILDREN’S WELFARE CODE”",javascript:void(0)
0101-25,"AN ORDINANCE STRENGTHENING THE PUBLIC SAFETY AND BORDER SECURITY SYSTEM OF DAVAO CITY, THROUGH  THE INTEGRATION OF AI FACIAL RECOGNITION TECHNOLOGY IN CRITICAL ENTRY AND EXIT POINTS AND FOR OTHER PURPOSES",https://lissp2.davaocity.gov.ph/uploads/items/112844/Ordinance No. 0101-25.pdf
0100-25,"AN ORDINANCE ESTABLISHING THE DAVAO SMART EMERGENCY RESPONSE AND LOCATOR-COMPUTER-AIDED RESPONSE AND EMERGENCY DISPATCH (SERAL-CARED) SYSTEM TO ENHANCE EMERGENCY DISPATCH, GPS-BASED PATIENT LOCATION, AND FIRST RESPONDER EFFICIENCY, AND FOR OTHER PURPOSES",https://lissp2.davaocity.gov.ph/uploads/items/112843/Ordinance No. 0100-25.pdf
076-25,"AN ORDINANCE ADOPTING AND INSTITUTIONALIZING THE DAVAO CITY MULTI-HAZARD EARLY WARNING SYSTEM (MHEWS) HANDBOOK, PROVIDING FOR ITS IMPLEMENTATION, MONITORING, FUNDING, AND PRESCRIBING FOR ITS UPDATES, REVISIONS AND SYSTEMATIC REVIEW",javascript:void(0)
075-25,"AN ORDINANCE ADOPTING AND INSTITUTIONALIZING THE CLIMATE AND DISASTER RISK ASSESSMENT (CDRA) AS A TOOL FOR URBAN PLANNING, INFRASTRUCTURE DEVELOPMENT, ENVIRONMENTAL MANAGEMENT, AND DISASTER RISK REDUCTION AND MANAGEMENT IN THE CITY OF DAVAO, AND FOR OTHER PURPOSES",https://lissp2.davaocity.gov.ph/uploads/items/113606/Ordinance No. 075-25.pdf
063-25,"AN ORDINANCE ESTABLISHING AND STRENGTHENING THE CITY DISASTER RISK REDUCTION AND MANAGEMENT VOLUNTEER CORPS (CDRRMVC) AND THE BARANGAY DISASTER RISK REDUCTION AND MANAGEMENT VOLUNTEER CORPS (BDRRMVC) IN DAVAO CITY, DEFINING ITS COMPOSITION, FUNCTIONS, TRAINING, SUPPORT MECHANISMS, AND FOR OTHER PURPOSES",https://lissp2.davaocity.gov.ph/uploads/items/113386/Ordinance No. 063-25.pdf
062-25,"AN ORDINANCE INSTITUTIONALIZING THE ESTABLISHMENT, OPERATION, AND MAINTENANCE OF A COMPREHENSIVE MULTI-HAZARD EARLY WARNING SYSTEM (MHEWS) IN DAVAO CITY, PROVIDING FOR ITS GOVERNANCE, FUNDING, AND PENALTIES FOR VIOLATIONS THEREOF",https://lissp2.davaocity.gov.ph/uploads/items/113177/Ordinance No. 062-25.pdf
061-25,"AN ORDINANCE ADDING A SEPARATE PROVISION IN ARTICLE X OF ORDINANCE NO. 0334-12, SERIES OF 2012, ALSO KNOWN AS THE “COMPREHENSIVE TRANSPORT AND TRAFFIC CODE OF DAVAO CITY”, AUTHORIZING THE USE OF WHEEL CLAMP OR TIRE LOCK TO IMMOBILIZE ILLEGALLY PARKED VEHICLES WITHIN THE TERRITORIAL JURISDICTION OF DAVAO CITY, IMPOSING PENALTIES THEREOF AND FOR OTHER PURPOSES",https://lissp2.davaocity.gov.ph/uploads/items/112585/Ordinance No. 061-25.pdf
0848-25,"ENACTING AN ORDINANCE GRANTING LEGISLATIVE AUTHORITY TO THE CITY MAYOR OF DAVAO TO SIGN, FOR AND IN BEHALF OF THE CITY, THE MEMORANDUM OF AGREEMENT TO BE ENTERED INTO BY AND BETWEEN THE CITY OF DAVAO AND JOLLIBEE FOOD CORPORATION IN RELATION TO WORK OPPORTUNITY FOR SENIOR CITIZENS IN THE CITY",javascript:void(0)
0847-25,"Co-proponents: Councilor Bai Hundra Cassandra Dominique N. Advincula and Councilor Temujin B. Ocampo

ENACTING AN ORDINANCE GRANTING LEGISLATIVE AUTHORITY TO THE CITY MAYOR OF DAVAO TO SIGN, FOR AND IN BEHALF OF THE CITY, THE MEMORANDUM OF AGREEMENT TO BE ENTERED INTO BY AND BETWEEN THE CITY OF DAVAO AND GOLDEN ARCHES DEVELOPMENT CORPORATION IN RELATION TO WORK OPPORTUNITY FOR SENIOR CITIZENS IN THE CITY 

AN ORDINANCE GRANTING LEGISLATIVE AUTHORITY TO THE CITY MAYOR OF DAVAO TO SIGN, FOR AND IN BEHALF OF THE CITY, THE MEMORANDUM OF AGREEMENT TO BE ENTERED INTO BY AND BETWEEN THE CITY OF DAVAO AND JOLLIBEE FOODS CORPORATION IN RELATION TO WORK OPPORTUNITY FOR SENIOR CITIZENS IN THE CITY AND DIFFENTLY-ABLED PERSONS IN THE CITY

ENCOURAGING THE DAVAO TOURISM ASSOCIATION (DATA) TO SUPPORT THE RESOLUTION ESTABLISHING A POLICY PROMOTION FOR WORK OPPORTUNITY FOR SENIOR CITIZENS

3 Resolutions and 2 Ordinances under Item No. 1201-23
Resolution No. 04384-25/ Res. No. 04385-25/ Res. No. 04386-25
Ordinance Nos. 0847-25/ 0848-25",https://lissp2.davaocity.gov.ph/uploads/items/16586/Ordinance No. 0847-25.pdf
0844-25,"AN ORDINANCE RECOGNIZING THE RIGHTS OF PERSONS WITH DISABILITY (PWDS), GRANTING PRIVILEGES, BENEFITS, PROTECTION FROM DISCRIMINATION, DENIGRATION, VILIFICATION, AND PUBLIC RIDICULE AND PROVIDING PENALTIES FOR VIOLATION THEREOF AND FOR OTHER PURPOSES",javascript:void(0)
0819-25,ENACTING AN ORDINANCE FOR THE ESTABLISHMENT OF PUBLIC INTERNET CENTERS IN DAVAO CITY AND APPROPRIATING FUNDS THEREFOR,https://lissp2.davaocity.gov.ph/uploads/items/17056/Ordinance No. 0819-25.pdf
0786-25,"ENACTING AN ORDINANCE ESTABLISHING THE DAVAO CITY CITIZEN’S ID SYSTEM, THEREBY PRRESCRIBING THE UNIFIED DAVAO CITY IDENTIFICATION CARDS TO BE ISSUED TO ALL RESIDENTS AND NON-RESIDENTS/TRANSIENTS OF DAVAO CITY AND PROVIDING GUIDELINES FOR THE ISSUANCE THEREOF OR OTHERWISE KNOWN AS “DCITIZEN ID”",https://lissp2.davaocity.gov.ph/uploads/items/20287/Ordinance No. 0786-25.pdf
0770-25,"AN ORDINANCE PRESCRIBING DESIGN STANDARDS FOR DAVAO CITY HIGHWAYS, ROADS AND STREETSCAPE",javascript:void(0)
0742-25,AN ORDINANCE DECLARING THE PANIGAN-TAMUGAN WATERSHED AND ITS TERRITORIAL BOUNDARY AS A SOURCE WATER-PROTECTED AREA,https://lissp2.davaocity.gov.ph/uploads/items/13026/Ordinance No. 0742-25.pdf
000554-18,"An ordinance amending Ordinance No. 0306-17, Series of 2017, otherwise known as an  Ordinance creating the City Transport and Traffic Management Office",javascript:void(0)
000306-17,An ordinance creating the City Transport and Traffic Management Office (CTTMO),https://lissp2.davaocity.gov.ph/uploads/items/98707/Ordinance no. 000306-17.pdf
000292-17,"An ordinance approving and concurring the construction of the Davao City Bulk Water Supply Project of Apo Agua Infrastructura, Inc. (AAII) and Davao City Water District (DCWD)",https://lissp2.davaocity.gov.ph/uploads/items/98584/Ordinance No. 000292-17.pdf
000666-18,"An ordinance authorizing the City Mayor to approve, adopt and apply the PHILHEALTH Distribution Scheme of the Forty Percent (40%) Professional Fees on the maternity care package to all birthing facilities within Davao City",https://lissp2.davaocity.gov.ph/uploads/items/100355/Ordinance no. 000666-18.pdf
000629-18,An ordinance requiring all primary and secondary schools in Davao City to include traffic regulations and public safety in their curriculum,https://lissp2.davaocity.gov.ph/uploads/items/100318/Ordinance no. 000629-18.pdf
000540-18,"An ordinance amending Section 1, 2, and 4 of Ordinance No. 0192-06, otherwise known as ""An Ordinance further amending Ordinance No. 110, series of 1986, as amended by Ordinance No. 2021, Series of 1994, and Ordinance No. 047-04, Series of 2004, by allowing the establishment by qualified transport operators or by the City of Davao Transport Terminals for public land  transport vans with duly issued franchises or certificate of public convenience at the old Matina and Bajada areas of Davao City",https://lissp2.davaocity.gov.ph/uploads/items/99953/Ordinance no. 000540-18.pdf
000538-18,"An ordinance declaring both sides along the main access roas of Punta Dumalag, Matina Aplaya, Talomo district, this city, as no parking and tow-away zone",https://lissp2.davaocity.gov.ph/uploads/items/100765/Ordinance no. 000538-18.pdf
000532-18,"An ordinance strengthening, implementing and enforcing Republic Act No. 9208, as amended and expanded by Republic Act 10364, otherwise known as the ""Expanded Anti-Trafficking in Persons Act of 2012"" and providing for penalties thereof and for other purposes",https://lissp2.davaocity.gov.ph/uploads/items/99892/Ordinance no. 000532-18.pdf
000479-18,"An ordinance authorizing the suppression of a portion of Camus Street, this city, for the construction of the proposed teen center",https://lissp2.davaocity.gov.ph/uploads/items/99695/Ordinance no. 000479-18.pdf
000466-18,"An ordinance approving  the opening of road lots 14 and 10-B-17-B-2-D-2, forming part of N. Torres Extension St., Barangay 20-B, Obrero, this city, in accordance with the recommendation of the City Transport and Traffic Management Office (CTTMO) and the City Legal Office",https://lissp2.davaocity.gov.ph/uploads/items/99648/Ordinance no. 000466-18.pdf
000458-18,"An ordinance penalizing the sneaking in, using and carrying of any form of prohibited items inside the jail and detention centers in the City of Davao",https://lissp2.davaocity.gov.ph/uploads/items/99549/Ordinance no. 000458-18.pdf
000432-18,An ordinance amending certain provisions of the amended Tourism Code to include in its scope the establishments enlisted in homesharing applications and for other purposes,https://lissp2.davaocity.gov.ph/uploads/items/99386/Ordinance no. 000432-18.pdf
000431-18,"An ordinance amending Section 4 (b), 14 and 16 of Ordinance No. 0520-16, Series of 2016, otherwise known as the ""Halal Lane Ordinance""",https://lissp2.davaocity.gov.ph/uploads/items/99381/Ordinance no. 000431-18.pdf
000430-18,An ordinance declaring Datu Bago as hero of Davao City,https://lissp2.davaocity.gov.ph/uploads/items/99371/Ordinance no. 000430-18.pdf
000417-18,"An ordinance providing a special incentive package for properties to be developed and utilized as parking spaces within the territorial jurisdiction of Davao City, as amended",https://lissp2.davaocity.gov.ph/uploads/items/99323/Ordinance no. 0417-18.pdf
000410-18,"An ordinance prohibiting drinking or consuming of alcoholic beverages in public streets, sidewalks, public parks and playgrounds and other public areas (Sobriety Ordinance)",https://lissp2.davaocity.gov.ph/uploads/items/99294/Ordinance no. 0410-18.pdf
000407-18,"An ordinance authorizing the suppression of Lunar Street Extension (abandoned road) located at GSIS Subdivision, Matina, this city",https://lissp2.davaocity.gov.ph/uploads/items/99293/Ordinance no. 0407-18.pdf
000403-18,"An ordinance amending Section 188, (Prohibition on production of road signs)  of Ordinance no. 0334-12, Series of 2012, otherwise, known as the ""Comprhensive Transport and Traffic Code of Davao City""",https://lissp2.davaocity.gov.ph/uploads/items/99186/Ordinance no. 0403-18.pdf
000396-18,"An ordinance creating the City Archives and Records Office, as amended",https://lissp2.davaocity.gov.ph/uploads/items/99165/Ordinance no. 000396-18.pdf
000383-18,"An ordinance requiring the food service industry within the territorial jurisdiction of Davao City to include one-half cup of cooked rice in their menu, providing penalties therefor and for other purposes",https://lissp2.davaocity.gov.ph/uploads/items/99160/Ordinance no. 000383-18.pdf
000382-18,"An ordinance amending Ordinance No. 0336-10,Series of 2010, otherwise known as ""An ordinance to institutionalize a Barangay Blood Donor`s Program for the City of Davao"" to ""An ordinance institutionalizing a Barangay Voluntary Blood Donation Program for the City of Davao""",https://lissp2.davaocity.gov.ph/uploads/items/99159/Ordinance no. 000382-18.pdf
000352-17,"An ordinance amending the pertinent provisions of Ordinance No. 0463-13, Series of 2013, otherwise known as ""An ordinance providing regulation for the construction and maintenance of cellular towers for mobile phones services in the City of Davao",https://lissp2.davaocity.gov.ph/uploads/items/98929/Ordinance No. 000352-17.pdf
0198-20,"""AN ORDINANCE ESTABLISHING THE CITY COLLEGE OF DAVAO (CCD), DEFINING ITS MANDATE, AND APPROPRIATING FUNDS THEREOF""",https://lissp2.davaocity.gov.ph/uploads/items/52/Ordinance No. 0198-20.pdf
0105-19,An Ordinance granting Annual financial assistance to all qualified Senior Citizens of Davao City,https://lissp2.davaocity.gov.ph/uploads/items/96/Ordinance No. 000105-19.pdf
0333-20,"A RESOLUTION TO ENACT AN ORDINANCE AMENDING ORDINANCE NO. 5004, SERIES OF 1997, OTHERWISE KNOWN AS THE ""WOMEN's DEVELOPMENT CODE"" TO STRENGTHEN STRUCTURES AND MECHANISMS IN ADDRESSING THE EVOLVING CONCERNS OF WOMEN AND CHILDREN",https://lissp2.davaocity.gov.ph/uploads/items/234/Ordinance No. 0333-20.pdf
0311-20,"An Ordinance Institutionalizing the MagNegosyo Ta, Day! (MTD) Program in Davao City, instituting mechanisms as well as appropriating funds thereof",https://lissp2.davaocity.gov.ph/uploads/items/481/Ordinance No. 0311-20.pdf
0210-20,AN ORDINANCE FOR THE ESTABLISHMENT OF THE MENTAL WELLNESS CENTER OF DAVAO CITY AND APPROPRIATING FUNDS THEREFOR,https://lissp2.davaocity.gov.ph/uploads/items/675/Ordinance No. 0210-20.pdf
036-19,"ENACTING AN ORDINANCE AUTHORIZING THE CITY MAYOR TO SIGN, FOR AND IN BEHALF OF THE CITY GOVERNMENT OF DAVAO, THE 8TH AMENDMENT TO THE MEMORANDUM OF AGREEMENT BY AND AMONG THE CITIES OF DAVAO, TAGUM, ISLAND GARDEN CITY OF SAMAL, DIGOS, PANABO AND MATI, AND THE PROVINCES OF DAVAO DEL NORTE, DAVAO DEL SUR, DAVAO ORIENTAL, COMPOSTELA VALLEY AND DAVAO OCCIDENTAL IN DAVAO REGION, RELATIVE TO THE SOCIO-ECONOMIC COOPERATION AND DEVELOPMENT",javascript:void(0)
037-19,"ENACTING AN ORDINANCE AMENDING SECTIONS 8 AND 10 OF ORDINANCE NO. 0367-12, SERIES OF 2012, OTHERWISE KNOWN AS ""THE NEW COMPREHENSIVE ANTI-SMOKING ORDINANCE OF DAVAO CITY""INCREASING PENALTY PROVIDED THEREOF",https://lissp2.davaocity.gov.ph/uploads/items/866/Ordinance No. 037-19.pdf
0229-20,"ENACTING AN ORDINANCE IMPOSING PENALTIES TO ESTABLISHMENTS WITH BUSINESS PERMITS BUT NO TOURISM LICENSES, THOSE WITH LATE RENEWALS AND ESTABLISHMENTS THAT ARE OPERATING WITHOUT BUSINESS PERMITS AND TOURISM LICENSES - VETOED",https://lissp2.davaocity.gov.ph/uploads/items/962/Ordinance No. 0229-20.pdf
065-19,"ENACTING AN ORDINANCE AMENDING SECTION 2 OF ORDINANCE NO. 0332-68, SERIES OF 1968, INCREASING THE CIVIL PENALTIES TO THE MAXIMUM AND ALSO THE PENALTY FOR IMPRISONMENT THEREOF",https://lissp2.davaocity.gov.ph/uploads/items/1129/Ordinance No. 065-19.pdf
062-19,"ENACTING AN ORDINANCE AMENDING SECTION 2 OF CITY ORDINANCE NO. 0299-09, SERIES OF 2009, INCREASING THE PENALTIES TO THE MAXIMUM",https://lissp2.davaocity.gov.ph/uploads/items/1133/Ordinance No. 062-19.pdf
063-19,"ENACTING AN ORDINANCE REPEALING ORDINANCE NO. 0065-90, SERIES OF 1990, ENTITLED ÄN ORDINANCE PROHIBITING THE SELLING OF AIRLINE, SHIPPING AND BUS TICKETS OUTSIDE THE TICKET OFFICES OR OFFICIAL BOOTHS OR PLACES DESIGNATED FOR HE PURPOSE AND PROVIDING PENALTIES FOR VIOLATION THEREOF""",https://lissp2.davaocity.gov.ph/uploads/items/1134/Ordinance No. 063-19.pdf
064-19,"ENACTING AN ORDINANCE REPEALING ORDINANCE NO. 1004-74, SERIES OF 1974, KNOWN AS ÄN ORDINANCE PROHIBITING THE LOOSENING OR LETTING ASTRAY ANIMALS IN THE POBLACION OF THE CITY OF DAVAO, PROVIDING THE CATCHING OF THE SAME AND IMPOUNDING, COLLECTION OF FEES FOR KEEPING THEM DURING THE IMPOUNDING AND PROVIDING FURTHER ITS DISPOSITION WHEN CLAIMED FOR A CERTAIN PERIOD AND PROVIDING PENALT THEREOF""",https://lissp2.davaocity.gov.ph/uploads/items/1135/Ordinance No. 064-19.pdf
066-19,ENACTING AN ORDINANCE RENAMING THE CITY SOCIAL SERVICES AND DEVELOPMENT OFFICE (CSSDO) TO CITY SOCIAL WELFARE AND DEVELOPMENT OFFICE (CSWDO),https://lissp2.davaocity.gov.ph/uploads/items/1136/Ordinance No. 066-19.pdf
068-19,"ENACTING AN ORDINANCE REORGANIZING THE CITY ARCHIVES AND RECORDS OFFICE, CITY MAYOR'S OFFICE-CORRESPONDENCE AND RECORDS DIVISION, CITY HEALTH OFFICE, CITY LEGAL OFFICE AND CITY ADMINISTRATOR'S OFFICE - CITY ECONOMIC ENTERPRISE",https://lissp2.davaocity.gov.ph/uploads/items/1172/Ordinance No. 068-19.pdf
072-19,"ENACTING AN ORDINANCE AMENDING ORDINANCE NO. 166-81, SERIES OF 1981, KNOWN AS ""AN ORDINANCE REGULATING THE SALE OF LPG IN DAVAO CITY, AND OTHER PURPOSES""",https://lissp2.davaocity.gov.ph/uploads/items/1178/Ordinance No. 072-19.pdf
074-19,"ENACTING AN ORDINANCE REPEALING CITY ORDINANCE NO. 0452-73, SERIES OF 1973, KNOWN AS ""AN ORDINANCE REGULATING THE LIGHTING FACILITIES AND THE PLACING OF PARTITIONS IN MASSAGE CENTERS OR CLINICS WITHIN THE PREMISES OF BARBERSHOPS AND/OR MASSAGE CENTERS OR CLINICS ESTABLISHED INDEPENDENTLY OF BARBERSHOPS AND PROHIBITING FURTHER THE PUTTING UP OF A BAR OR RESTAURANT INSIDE A BARBERSHOP WITH A MASSAGE CENTER OR CLINIC AND PROVIDING FOR PENALTIES",https://lissp2.davaocity.gov.ph/uploads/items/1180/Ordinance No. 0074-19.pdf
075-19,"ENACTING AN ORDINANCE REPEALING CITY ORDINANCE NO. 01423-05, SERIES OF 2005, ENTITLED ""AN ORDINANCE PROHIBITING THE USE OF CELLULAR PHONES, HAND-HELD RADIOS, PERSONAL DIGITAL ASSISSTANT (PDA) AND OTHER SIMILAR ELECTRONIC DEVICES WHILE DRIVING""",https://lissp2.davaocity.gov.ph/uploads/items/1181/Ordinance No. 075-19.pdf
076-19,"ENACTING AN ORDINANCE REPEALING ORDINANCE NO. 0171, SERIES OF 2009, KNOWN AS ""THE DAVAO CITY ANTI-LITTERING ORDINANCE OF 2009"" FURTHER AMENDING ORDINANCE NO. 98, SERIES OF 1956. OTHERWISE KNOWN AS THE ""ANTI LITTERING ORDINANCE OF THE CITY OF DAVAO"", AS AMENDED BY ORDINANCE NO. 105, SERIES OF 1986",https://lissp2.davaocity.gov.ph/uploads/items/1182/Ordinance No. 000076-19.pdf
084-19,"ENACTING AN ORDINANCE REPEALING CITY ORDINANCE NO. 0441-61, SERIES OF 1965",https://lissp2.davaocity.gov.ph/uploads/items/1197/Ordinance No. 000084-19.pdf
092-19,"ENACTING AN ORDINANCE AMENDING ORDINANCE NO. 0192-04, SERIES OF 2004, ENTITLED AN ORDINANCE REQUIRING ALL BUSINESS ESTABLISHMENTS WITH FIXED PLACES OF BUSINESS OPERATIONS OR ADDRESSES TO REGISTER AND SECURE A BUSINESS REGISTRATION AND IDENTIFICATION PLATES AND YEARLY VALIDATION STICKERS""BY INCREASING THE PENALTIES TO THE MAXIMUM",https://lissp2.davaocity.gov.ph/uploads/items/1234/Ordinance No. 092-19.pdf
0100-19,"ENACTING AN ORDINANCE AMENDING ORDINANCE NO. 0418-83, SERIES OF 1983 BY INCREASING THE PENALTY PROVISION FROM A FINE OF TWO HUNDRED PESOS (PHP200.00) OR AN IMPRISONMENT OF ONE (1) MONTH TO A FINE OF FIVE THOUSAND PESOS (PHP 5,000.00) OR AN IMPRISONMENT OF ONE (1) YEAR OR BOTH AT THE DISCRETION OF THE COURT",https://lissp2.davaocity.gov.ph/uploads/items/1263/Ordinance No. 0100-19.pdf
0106-19,"ENACTING AN ORDINANCE AMENDING ORDINANCE NO. 0381-82, SERIES OF 1982, OTHERWISE KNOWN AS ""AN ORDINANCE REGULATING THE PUBLIC SHOWING OF MOVIE FILM, TAPES OR BETAMAX FILMS IN PUBLIC ESTABLISHMENTS IN THE CITY OF DAVAO""",https://lissp2.davaocity.gov.ph/uploads/items/1301/Ordinance No. 000106-19.pdf
0116-19,"ENACTING AN ORDINANCE AMENDING CITY ORDINANCE NO. 0362-17 OR THE ""MARITIME COORDINATING COUNCIL ORDINANCE OF DAVAO CITY""",https://lissp2.davaocity.gov.ph/uploads/items/1303/Ordinance No. 000116-19.pdf
0103-19,"ENACTING AN ORDINANCE AUTHORIZING THE CITY MAYOR TO ENTER INTO AND SIGN THE MEMORANDUM OF AGREEMENT TO BE ENETERED INTO BY AND BETWEEN THE CITY GOVERNMENT OF DAVAO AND THERMA SOUTH INC. FOR THE ESTABLISHMENT AND ADMINISTRATION OF TWO (2) INTEREST-BEARING CURRENT ACCOUNTS, SPECIFICALLY, FOR DEVELOPMENT AND LI8VELIHOOD FUND (DLF) AND FOR THE REFORESTATION WATERSHED MANAGEMENT, HEALTH AND/OR ENVIRONMENT ENHANCEMENT FUND (RWMHEEF), IN ACCORDANCE WITH DC2018-08-002",https://lissp2.davaocity.gov.ph/uploads/items/1307/Ordinance No. 000103-19.pdf
0319-20,"4th Indorsement: The Preceding 3rd Indo dated March 3, 2020 of Barbara Carla Q. Echavia, Chief of Staff, office of the City Mayor, the attached 2020 Memorandum of Agreement(MOA),between the City Govt of Davao and the Phil Mental Health Association-Davao Chapter, relative to the establishment of a joint undertaking in the delivery of programs and services for women and children w/ mental and psychological problem, for appropriate action.",https://lissp2.davaocity.gov.ph/uploads/items/1325/Ordinance No. 0319-20.pdf
0240-20,"""Enacting an Ordinance on the collection of corresponding Barangay clearance fee in the application for any business-transactions""",https://lissp2.davaocity.gov.ph/uploads/items/1494/Ordinance No. 000240-20.pdf
0241-20,"Enacting an Ordinance authorizing the City Mayor to enter into and sign, for and in behalf of the City Government of Davao, the Memorandum of Agreement to be entered into by and between the Office of the President and the City Government of Davao, relative to the latter's request for financial assistance for the procurement of a stand-alone mobile recognition system for the improvement of the security protocols and capabilities in Davao City. (No Hard Copy)",https://lissp2.davaocity.gov.ph/uploads/items/1495/Ordinance No. 0241-20.pdf
0238-20,"Enacting  an Ordinance repealing City Ordinance No. 3, Series of 1985 and Declaring the following areas as Freedom Parks namely: E. Nograles Park, Bounded by Elpidio Quirino Avenue, C. Bangoy Street and Emilio Jacinto Street; Marfori Bonitical Garden; Crossing Puan Park (Nograles Park); and the elevated portion of the Toril District Hall Property.",https://lissp2.davaocity.gov.ph/uploads/items/1551/Ordinance No. 000238-20.pdf
0137-19,"ENACTING AN ORDINANCE AUTHORIZING THE CITY MAYOR TO ENTER INTO AND SIGN, FOR AND IN BEHALF OF THE CITY GOVERNMENT OF DAVAO, THE MEMORANDUM OF AGREEMENT (MOA) TO BE ENTERED INTO BY AND BETWEEN THE DEPARTMENT OF TRADE AND INDUSTRY (DTI) AND THE CITY GOVERNMENT OF DAVAO RELATIVE TO THE TRANSFER OF FUNDS TO THE LATTER INTENDED FOR THE SOCIAL DEVELOPMENT OF THE HIGH PRIORITY BUS SYSTEM PROJECT OF THE CITY",https://lissp2.davaocity.gov.ph/uploads/items/1619/Ordinance No. 0137-19.pdf
0139-19,"ENACTING AN ORDINANCE AUTHORIZING THE CITY MAYOR TO SIGN, FOR AND IN BEHALF OF THE CITY GOVERNMENT OF DAVAO, THE TERMS OF PARTNERSHIP (TOP) TO BE ENTERED INTO BY AND BETWEEN THE DEPARTMENT OF HEALTH (DOH)-CENTER FOR HEALTH DEVELOPMENT DAVAO AND THE CITY GOVERMENT OF DAVAO RELATIVE TO THE CITY-WIDE IMPLEMENTATION OF THE ANNUAL OPERATION PLAN 2019",https://lissp2.davaocity.gov.ph/uploads/items/1671/Ordinance No. 0139-19.pdf
0141-19,"ENACTING AND ORDINANCE GRANTING TEN THOUSAND PESOS (P10,000.00) ONE-TIME SERVICE RECOGNITION INCENTIVE (SRI) TO ALL PLANTILLA PERSONNEL OF THE CITY GOVERNMENT OF DAVAO FOR FISCAL YEAR 2019, PRUSUANT TO THE PROVISIONS OF ADMINISTRATIVE ORDER NO. 19, SERIES OF 2019, ISSUED BY THE PRESIDENT OF THE PHILIPPINES",https://lissp2.davaocity.gov.ph/uploads/items/1673/Ordinance No. 0141-19.pdf
0157-19,"ENACTING AN ORDINANCE GRANTING LEGISLTIVE AUTHORITY TO THE CITY MAYOR TO SIGN, FOR AND IN BEHALF OF THE CITY GOVERNMENT OF DAVAO, THE MEMORANDUM OF AGREEMENT TO BE ENTERED INTO BY AND BETWEEN THE CITY GOVERNMENT OF DAVAO AND PHILIPPINE MENTAL HEALTH ASSOCIATION-DAVAO CHAPTER INVOLVING THE ESTABLISHMENT OF A JOINT UNDERTAKING IN THE DELIVERY OF PROGRAMS AND SERVICES FOR WOMEN AND CHILDREN WITH MENTAL AND PSYCHOLOGICAL PROBLEM",https://lissp2.davaocity.gov.ph/uploads/items/1678/Ordinance No. 0157-19.pdf
0120-19,"ENACTING AN ORDINANCE AUTHORIZING THE CITY MAYOR TO SIGN, FOR AND IN BEHALF OF THE CITY GOVERNMENT OF DAVAO, THE MEMORANDUM OF AGREEMENT TO BE ENTERED INTO BY AND BETWEEN THE DAVAO FASHION AND DESIGN COUNCIL FOUNDATION, INC. (DFDCFI) AND THE CITY GOVERNMENT OF DAVAO, RELATIVE TO THE GRANT IN AID IN SUPPORT AND ASSISTANCE TO THE PROMOTION, PRESERVATION AND DEVELOPMENT OF DAVAO'S CULTURAL HERITAGE THROUGH PROGRESSIVE FASHION AND DESIGN",https://lissp2.davaocity.gov.ph/uploads/items/1751/Ordinance No. 000120-19.pdf
0111-19,"ENACTING AN ORDINANCE AUTHORIZING THE CITY MAYOR TO ENTER INTO AN SIGN, FOR AND IN BEHALF OF THE CITY GOVERNMENT OF DAVAO, THE MEMORANDUM OF AGREEMENT (MOA) TO BE ENTERED INTO BY AND BETWEEN THE CITY GOVERNMENT OF DAVAO AND THE DEPARTMENT OF LABOR AND EMPLOYMENT (DOLE) REGION XI RELATIVE TO THE IMPLEMENTATION OF THE TULONG PANGHANAPBUHAY SA ATING DISPLACED/DISADVANTAGED WORKERS (TUPAD) PROGRAM",https://lissp2.davaocity.gov.ph/uploads/items/1754/Ordinance No. 0111-19.pdf
0114-19,"ENACTING AN ORDINANCE GRANTING LEGISLATIVE AUTHORITY TO THE CITY MAYOR TO SIGN, FOR AND IN BEHALF OF THE CITY GOVERNMENT OF DAVAO, THE SMOKE-FREE DECLARATION COMMITMENT OF SUPPORT AND EXPRESSING THE CONFORMITY OF THE SANGGUNIANG PANLUNGSOD ON THE CITY'S MEMBERSHIP TO THE SMOKE-FREE CITIES ASIA-PACIFIC NETWORK",https://lissp2.davaocity.gov.ph/uploads/items/1758/Ordinance No. 0114-19.pdf
0176-19,"ENACTING AN ORDINANCE GRANTING THE APPLICATION OF BARRESA HOMEOWNERS ASSOCIATION INC. FOR REZONING OF A PROPOSED RELOCATION SITE SITUATED AT BARANGAY MATINA PANGI, THIS CITY, COVERED BY TCT NO. 166258 WITH A TOTAL AREA OF 23,683 SQUARE METERS FROM MEDIUM DENSITY RESIDENTIAL SUB-ZONE (R-2) TO HIGH DENSITY RESIDENTIAL ZONE (R-3)",https://lissp2.davaocity.gov.ph/uploads/items/1773/Ordinance No. 0176-19.pdf
0167-19,"ENACTING AN ORDINANCE AUTHORIZING THE CITY MAYOR TO ENTER INTO AND SIGN, FOR AND IN BEHALF OF THE CITY GOVERNMENT OF DAVAO, THE MEMORANDUM OF AGREEMENT TO BE ENTERED INTO BY AND BETWEEN HEDCOR INC. AND THE CITY GOVERNMENT OF DAVAO RELATIVE TO THE REQUEST OF HEDCOR INC. FOR THE CITY TO OPEN TWO (2) TRUST ACCOUNTS PURSUANT TO THE PROVISIONS OF DEPARTMENT OF ENERGY CIRCULAR NO. DC2018-08-0021",https://lissp2.davaocity.gov.ph/uploads/items/1781/Ordinance No. 0167-19.pdf
0206-20,"ENACTING AN ORDINANCE AUTHORIZING THE ABOLITION OF TIBUNGCO PUBLIC MARKET OFFICE, BUNAWAN PUBLIC MARKET OFFICE, AND LASANG PUBLIC MARKET OFFICE OF THE CITY ADMINISTRATOR'S OFFICE - CITY ECONOMIC ENTERPRISE AND TO REORGANIZE OTHER AFFECTED PUBLIC MARKET OFFICES, AS AMENDED",https://lissp2.davaocity.gov.ph/uploads/items/2150/Ordinance No. 0206-20.pdf
0218-20,ENACTING AN ORDINANCE GRANTING TAX AMNESTY OR RELIEF ON DELINQUENT REAL PROPERTY TAX,https://lissp2.davaocity.gov.ph/uploads/items/2178/Ordinance No. 000218-20.pdf
0257-20,"An Ordinance waiving the interest, penalties and surchargers incurred for non-payment of all local taxes, fees, charges and fines which fall due during the period of community quarantine and enhanced community quarantine in Davao City",https://lissp2.davaocity.gov.ph/uploads/items/2211/Ordinance No. 0257-20.pdf
0255-20,"Ordinance No. 0255-20 s. 2020 entitled ""An Ordinance Prohibiting any Form Harassment, Discrimination, Prejudice or Inflicting any Shame or Humiliation against Frontline Workers, Suspected, Probable and Confirmed Covid Cases and Close Contacts during and after the State of National Health Emergency and Imposing Penalties therein, as amended""",https://lissp2.davaocity.gov.ph/uploads/items/2212/Ordinance No. 0255-20.pdf
0247-20,"Ordinance 0247-20 series of 2020 entitled ""An Ordinance Instituting the Davao City Covid-19 Emergency Response Policies""",https://lissp2.davaocity.gov.ph/uploads/items/2215/Ordinance No. 0247-20 (Covid-19 Emergency Response).pdf
0243-20,"ENACTING AN ORDINANCE EXTENDING THE DEADLINE OF PAYMENT FOR THE SECOND QUARTERLY INSTALLMENT OF BUSINESS TAX, FIRST QUARTERLY INSTALLMENT OF REAL PROPERTY TAX AND ADDITIONAL LEVY ON REAL PROPERTY TAX FOR THE SPECIAL EDUCATION FUND AND RENTAL FEES FROM MARCH TO JUNE 2020 FOR PUBLIC MARKETS, DAVAO CITY OVERLAND TRANSPORT TERMINAL (DCOTT), STA. ANA PORT, MAGSAYSAY PARK AND PASALUBONG CENTER TO JUNE 30, 2020 IN VIEW OF THE CORONA VIRUS DISEASE (COVID-19) THREAT IN THE PHILIPPINES",https://lissp2.davaocity.gov.ph/uploads/items/2216/Ordinance No. 0243-20.pdf
0242-20,ENACTING AN ORDINANCE IMPOSING A COMMUNITY QUARANTINE CURFEW IN THE CITY OF DAVAO FROM 9:00 P.M. TO 5:00 A.M. UNTIL THE COMMUNITY QUARANTINE IS LIFTED,https://lissp2.davaocity.gov.ph/uploads/items/2219/Ordinance No. 0242-20.pdf
0475-21,ENACTING AN ORDINANCE APPROVING AND ADOPTING THE 2019-2023 LOCAL CLIMATE CHANGE ACTION PLAN OF THE CITY OF DAVAO AS ENDORSED BY THE CITY PLANNING AND DEVELOPMENT OFFICE,https://lissp2.davaocity.gov.ph/uploads/items/2268/Ordinance No. 0475-21.pdf
0278-20,ENACTING AN ORDINANCE PROVIDING RELIEF TO MITIGATE THE ADVERSE ECONOMIC EFFECTS OF CORONA VIRUS DISEASE (COVID-19),https://lissp2.davaocity.gov.ph/uploads/items/2319/Ordinance No. 000278-20.pdf
0230-20,"ENACTING AN ORDINANCE ESTABLISHING THE DAVAO CITY SPECIAL NEEDS INTERVENTION CENTER FOR CHILDREN, DIRECTING ITS OBJECTIVES AND PROVIDING FUNDS FOR THE PURPOSE",https://lissp2.davaocity.gov.ph/uploads/items/2346/Ordinance No. 0230-20.pdf
0668-21,"AN ORDINANCE ENTITLED ""THE AMENDED BICYCLE AND LIGHT MOBILITY VEHICLE ORDINANCE OF DAVAO CITY"", AMENDING ORDINANCE NO. 0409-10, SERIES OF 2010, OTHERWISE KNOWN AS ""THE BICYCLE ORDINANCE OF DAVAO CITY""",javascript:void(0)
0576-21,"ENACTING AN ORDINANCE FOR THE ESTABLISHMENT AND CONSTRUCTION OF A LEVEL III GENERAL HOSPITAL IN DAVAO CITY AND APPROPRIATION OF FUNDS THEREFOR, AND FOR OTHER PURPOSES",https://lissp2.davaocity.gov.ph/uploads/items/2426/Ordinance No. 0576-21.pdf
0253-20,"An Ordinance penalizing dishonesty or untruthfulness in the declaration of patients who are either confirmed, suspect or probably COVID-19 case during the present COVID-19 Health Crisis and/or pandemic, imposing penalties for violation thereof",https://lissp2.davaocity.gov.ph/uploads/items/2432/Ordinance No. 0253-20.pdf
0250-20,"2nd Indorsement June 10, 2020
relative to the attached Ordinance No. 0250-20, series of 2020 entitled, ""AN ORDINANCE FOR THE MANDATORY SUBMISSION OF HEALTH AND OTHER EMERGENCIES CONTACT TRACING FORM FOR ALL PERSONS ENTERING DAVAO CITY BY LAND, AIR OR SEA..",https://lissp2.davaocity.gov.ph/uploads/items/2435/Ordinance No. 0250-20.pdf
0263-20,"An ordinance authorizing the City Mayor to enter into and sign, for and in behalf of the City Government of Davao, the terms and conditions for the use of Alternative Learning System Davao as a temporary quarantine or isolation facility of last resort",https://lissp2.davaocity.gov.ph/uploads/items/2442/Ordinance No. 0263-20.pdf
0270-20,ENACTING AN ORDINANCE INSTITUTIONALIZING THE DAVAO CITY ONE-STOP SHOP FOR CONSTRUCTION PERMITS (OSSCP),https://lissp2.davaocity.gov.ph/uploads/items/2477/Ordinance No. 000270-20.pdf
0260-20,An Ordinance for the establishment of a COVID-19 (Coronavirus Disease 2019) testing laboratory at the Barangay Los Amigos Urban Health Center and the appropriation of funds thereof,https://lissp2.davaocity.gov.ph/uploads/items/2491/Ordinance No. 0260-20.pdf
0306-20,"An Ordinance authorizing the City Mayor to enter into and sign for and in behalf of The City Government of Davao, the deed of usufruct between DepEd - Davao City National High School and The City Government of Davao, relative to the temporary use of a portion of the facilities of Davao City National High School for the operation of the City College of Davao",https://lissp2.davaocity.gov.ph/uploads/items/2500/Ordinance No. 000306-20.pdf
0228-20,"ENACTING AN ORDINANCE AUTHORIZING THE CITY MAYOR TO ENTER INTO AND SIGN, FOR AND IN BEHALF OF THE CITY GOVERNMENT OF DAVAO, THE MEMORANDUM OF AGREEMENT TO BE ENTERED INTO BY AND BETWEEN THE CITY GOVERNMENT OF DAVAO AND DAVAO LIGHT AND POWER COMPANY (DLPC) FOR THE POLE USAGE OF THE CITY GOVERNMENT'S CCTV SURVEILLANCE SYSTEM",https://lissp2.davaocity.gov.ph/uploads/items/2548/Ordinance No. 000228-20.pdf
0330-20,"An Ordinance requiring all public and private schools in all levels in Davao City, to include in their curriculum the teaching of the history of the City of Davao",https://lissp2.davaocity.gov.ph/uploads/items/2549/Ordinance No. 0330-20.pdf
0501-21,"ENACTING AN ORDINANCE INTEGRATING URBAN CANOPY IN THE CITY'S TRAFFIC ISLANDS ON HIGHWAY ROADS AND ALONG PAVEMENTS, PARKS,PLAYGROUNDS AND AREAS OF PUBLIC RIGHT-OF-WAY


Tree Line Ordinance",https://lissp2.davaocity.gov.ph/uploads/items/2555/Ordinance No. 0501-21.pdf
0249-20,"Ordinance No. 0249-20 s. 2020 entitled ""An Ordinance Prohibiting any Form of Harassment, Discrimination, Prejudice or Inflicting any Shame or Humiliation against Frontline Workers, Confirmed Infected Patients, Patients under Monitoring or Patients under Investigation and Close Contacts during this State of National Health Emergency and Imposing Penalties therein""",javascript:void(0)
0261-20,"An Ordinance authorizing the City Mayor to enter into and sign, for and in behalf of the City Government of Davao, the Memorandum of Agreement (MOA) to be entered into by and between Rizal Memorial Colleges, Inc. and the City Government of Davao pertaining to the use of its covered gymnasium as quarantine area for COVID-19 patients",https://lissp2.davaocity.gov.ph/uploads/items/2580/Ordinance No. 0261-20.pdf
0300-20,"AN ORDINANCE GRANTING LEGISLATIVE AUTHORITY TO THE CITY MAYOR TO ENTER INTO AND SIGN, FOR AND IN BEHALF OF THE CITY GOVERNMENT OF DAVAO, THE MEMORANDUM OF UNDERSTANDING (MOU) BY AND BETWEEN THE CITY GOVERNMENT OF DAVAO AND KABANG KALIKASAN NG PILIPINAS FOUNDATION, INC. (KKPFI), ALSO KNOWN AS THE WORLD WIDE FUND FOR NATURE-PHILIPPINES (WWF-PHIL) RELATIVE TO THE PLASTIC SMART CITY (PSC) PROJECT",https://lissp2.davaocity.gov.ph/uploads/items/2604/Ordinance No. 0300-20 (MOU KKPFI).pdf
0245-20,"ENACTING AN ORDINANCE PROHIBITING THE SELLING OF LIQUORS, ALCOHOLIC BEVERAGES, COCONUT WINE AND OTHER NATURE WINES AND THE LIKE THAT CAUSE INTOXICATION FROM 5:00 IN THE AFTERNOON TO 8:00 IN THE MORNING OF THE NEXT DAY",https://lissp2.davaocity.gov.ph/uploads/items/2606/Ordinance No. 0245-20.pdf
0251-20,"ENACTING AN ORDINANCE AUTHORIZING THE CITY MAYOR'S OFFICE TO EXECUTE A DEED OF ACCEPTANCE OF DONATION IN RELATION TO THE DEED OF DONATION DATED MARCH 31, 2020, EXECUTED BY PANHUA GROUP CO., LTD., REPRESENTED BY ITS PRESIDENT, LI XINHUA AND TO RECEIVE, FOR AND IN BEHALF OF THE CITY GOVERNMENT OF DAVAO, THE VARIOUS PERSONAL PROTECTIVE EQUIPMENT (PPE) IN RELATION THEREFOR",https://lissp2.davaocity.gov.ph/uploads/items/2629/Ordinance No. 0251-20.pdf
0252-20,"ENACTING AN ORDINANCE PENALIZING DISHONESTY OR UNTRUTHFULNESS IN THE DECLARATION OF CONFIRMED COVID-19 INFECTED PERSON, PERSON UNDER INVESTIGATION (PUI), OR PERSON UNDER MONITORING (PUM) DURING THE PRESENT COVID-19 HEALTH CRISIS AND/OR PANDEMIC, IMPOSING PENALTIES FOR VIOLATION THEREOF",javascript:void(0)
0262-20,"An ordinance authorizing the City Mayor to enter into and sign, for and in behalf of the City Government of Davao, the Memorandum of Agreement (MOA) to be entered into by and among the Department of Public Works and Highways-XI (DPWH-XI), University of the Philippines and the City Government of Davao pertaining to the use of the training gym, faculty and staff housing of DC-UP Sports Complex in UP-Mindanao Campus, Mintal, Tugbok District, this city, as isolation or quarantine area to house the Covid-19 patients, suspect or probable case",https://lissp2.davaocity.gov.ph/uploads/items/2660/Ordinance No. 0262-20.pdf
0264-20,"ENACTING AN ORDINANCE AUTHORZING THE CITY MAYOR TO ENTER INTO AND SIGN, FOR AND IN BEHALF OF THE CITY GOVERNMENT OF DAVAO, THE TERMS AND CONDITIONS FOR THE USE OF BOLTON ELEMENTARY SCHOOL AS A TEMPORARY QUARANTINE OR ISOLATION FACILITY OF LAST RESORT",https://lissp2.davaocity.gov.ph/uploads/items/2661/Ordinance No. 0264-20.pdf
0265-20,"ENACTING AN ORDINANCE AUTHORIZING THE CITY MAYOR TO ENTER INTO AND SIGN, FOR AND IN BEHALF OF THE CITY GOVERNMENT OF DAVAO, THE MEMORANDUM OF AGREEMENT (MOA) TO BE ENTERED INTO BY AND BETWEEN QUEENSLAND INTERNATIONAL REALTY, INC. AND THE CITY GOVERNMENT OF DAVAO PERTAINING TO THE USE OF THE QUEENSLAND INN AS QUARANTINE AREA FOR COVID-19 PATIENTS",https://lissp2.davaocity.gov.ph/uploads/items/2670/Ordinance No. 0265-20.pdf
0266-20,"ENACTING AN ORDINANCE AUTHORIZING THE CITY MAYOR TO ENTER INTO AND SIGN, FOR AND IN BEHALF OF THE CITY GOVERNMENT OF DAVAO, THE TERMS AND CONDITIONS FOR THE US EOF TEODORO PALMA GIL ELEMENTARY SCHOOL AS A TEMPORARY QUARANTINE OR ISOLATION FACILITY OF LAST RESORT",https://lissp2.davaocity.gov.ph/uploads/items/2672/Ordinance No. 0266-20.pdf
0267-20,"ENACTING AN ORDINANCE AUTHORIZING THE CITY MAYOR TO ENTER INTO AND SIGN, FOR AND IN BEHALF OF THE CITY GOVERNMENT OF DAVAO, THE MEMORANDUM OF AGREEMENT (MOA) TO BE ENTERED INTO BY AND BETWEEN LA VIDA INN AND THE CITY GOVERNMENT OF DAVAO PERTAINING TO THE USE OF THE FORMER AS QUARANTINE AREA FOR COVID-19 PATIENTS",https://lissp2.davaocity.gov.ph/uploads/items/2674/Ordinance No. 0267-20.pdf
0268-20,"ENACTING AN ORDINANCE AUTHRORIZING THE CITY MAYOR TO ENTER INTO AND SIGN, FOR AND IN BEHALF OF THE CITY GOVERNMENT OF DAVAO, THE TERMS AND CONDITIONS FOR THE USE OF KAPITAN TOMAS MONTEVERDE SR. CENTRAL ELEMENTARY SCHOOL AS A TEMPORARY QUARANTINE OR ISOLATION FACILITY OF LAST RESORT",https://lissp2.davaocity.gov.ph/uploads/items/2676/Ordinance No. 0268-20.pdf
0304-20,ENACTING AN ORDINANCE GRANTING A THREE (3)-MONTH EXTENSION ON THE DEADLINE OF PAYMENT FOR THE THIRD QUARTERLY INSTALLMENT FOR REAL PROPERTY TAX AND ADDITIONAL LEVY ON REAL PROPERTY FOR THE SPECIAL EDUCATION FUND (SEF) FROM 30 SEPTEMBER 2020 TO 31 DECEMBER 2020,https://lissp2.davaocity.gov.ph/uploads/items/2762/Ordinance No. 000304-20.pdf
0305-20,"ENACTING AN ORDINANCE GRANTING A SIXTY PERCENT REDUCTION ON THE RENTAL FEES OF STALLS/BOOTHS OPEN DURING THE PERIOD FROM APRIL 1 TO JUNE 30, 2020 IN ALL CITY OWNED/OPERATED PUBLIC MARKETS",https://lissp2.davaocity.gov.ph/uploads/items/2763/Ordinance No. 000305-20.pdf
0307-20,AN ORDINANCE REQUIRING THE MANDATORY WEARING OF FACE MASKS AT ALL TIMES IN PUBLIC PLACES DURING THE COMMUNITY QUARANTINE AND/OR UNTIL AFTER THE STATE OF PUBLIC HEALTH EMERGENCY IS LIFTED,https://lissp2.davaocity.gov.ph/uploads/items/2775/Ordinance No. 0307-20.pdf
0355-20,"3rd Indorsement dated July 21, 2020
The attached seven (7) original sets of the Memorandum of Agreement (MOA) between the City Gov't of Davao, Office of Civil Defense Regional Office XI, DSWD Field Office XI, DOH Regional Office XI and the DPWH Regional Office XI, relative to the implementation, operation and maintenance of the evacuation center project.",https://lissp2.davaocity.gov.ph/uploads/items/2819/Ordinance No. 0355-20.pdf
0417-20,"An Ordinance amending Ordinance No. 0307-20, Series of 2020, entitled ""An Ordinance requiring the mandatory wearing of face masks at all times in public places during the community quarantine and/or until after the State of Public Health Emergency is lifted""",https://lissp2.davaocity.gov.ph/uploads/items/2917/Ordinance No. 000417-20.pdf
0332-20,"An ordinance authorizing the City Mayor to enter into and sign, for and in behalf of the City Government of Davao, the Memorandum of Agreement (MOA) to be entered into by and among the City Government of Davao, the Department of Public Works and Highways (DPWH) and the Department of Health (DOH), relative to the construction/conversion of various medical health facilities: A) modified twenty (20) units health facility tents with isolation quarantine facility for Covid-19 patients at the Civil Aviation Authority of the Philippines (CAAP), Buhangin, and at the Old Airport Building, Sasa, all in Davao City",https://lissp2.davaocity.gov.ph/uploads/items/3009/Ordinance No. 0332-20.pdf
0325-20,"ENACTING AN ORDINANCE PENALIZING ALL PERSONS VIOLATING THE MANDATORY 14-DAY QUARANTINE FOR COVID-19 IMPOSED BY THE INTER-AGENCY TASK FORCE FOR THE MANAGEMENT OF EMERGING INFECTIOUS DISEASES (IATF-EID), OR ANY PUBLIC HEALTH AUTHORITY AUTHORIZED TO IMPOSE THE SAME",https://lissp2.davaocity.gov.ph/uploads/items/3100/Ordinance No. 0325-20.pdf
0916-22,"AN ORDINANCE FURTHER AMENDING ORDINANCE NO. 0218-09, SERIES OF 2009, OTHERWISE KNOWN AS “THE DAVAO CITY PARKS SYSTEM ORDINANCE,” PARTICULARLY SECTION 12 THEREOF (CROSS REFERENCE WITH ITEM NO. 1314/CONSOLIDATED)",https://lissp2.davaocity.gov.ph/uploads/items/3103/Ordinance No. 0916-22.pdf
0361-20,"AN ORDINANCE STRENGTHENING THE MANDATORY INFANTS AND CHILDREN HEALTH IMMUNIZATION ACT OF 2011 (RA 10152) THROUGH THE USE OF THE EARLY CHILDHOOD CARE AND DEVELOPMENT (ECCD) CARD, AS AMENDED

SHORT TITLE: COMPREHENSIVE IMMUNIZATION FOR ALL INFANTS AND CHILDREN ORDINANCE OF DAVAO CITY",https://lissp2.davaocity.gov.ph/uploads/items/3104/Ordinance No. 0361-20.pdf
0359-20,"Request for legislative authority for the City Mayor to sign, the Memorandum of Agreement to be entered into by and between the City Government of Davao and the Department of Public Works and Highways (DPWH), Regional Office XI, relative to the National-Local Government Cooperation under DCD-DPWH Convergence Program for various Infrastructure Projects for naval Station Felix Apolinario, Eastern Mindanao Command, for appropriate action of the Body.",javascript:void(0)
0463-21,"ENACTING AN ORDINANCE AUTHORIZING THE CITY MAYOR TO SIGN FOR AND IN BEHALF OF THE CITY GOVERNMENT OF DAVAO, THE MEMORANDUM OF AGREEMENT RELATIVE TO COOPERATIVE MANAGEMENT INFORMATION SYSTEM (CMIS) TO BE ENTERED INTO BY AND BETWEEN THE CITY GOVERNMENT OF DAVAO AND THE COOPERATIVE DEVELOPMENT AUTHORITY",https://lissp2.davaocity.gov.ph/uploads/items/3133/Ordinance No. 0463-21.pdf
0584-21,"ENACTING AN ORDINANCE ALLOWING MOTORCYCLE TAXIS IN DAVAO CITY TO ACQUIRE VALID MOTOR REGISTRATIONS WTH THIRD PARTY INSURANCE COVERAGE IN CASE OF ACCIDENT IN THIS TIME OF PANDEMIC SUBJECT TO THE APPROVAL OF THE LOCAL GOVERNMENT UNIT (LGU), THROUGH THE CITY FRANCHISING REGULATORY BOARD",https://lissp2.davaocity.gov.ph/uploads/items/3162/Ordinance No. 0584-21.pdf
0354-20,"ENACTING AN ORDINANCE REQUIRING SUBMISSION OF 3D PRESENTATION OF THE STRUCTURAL INTEGRITY OF THE BUILDING, COPY OF THE BUILDING PLANS AND APPROVAL CERTIFICATION FROM THE CITY BUILDING OFFICIAL/CITY ENGINEER'S OFFICE AS THE CASE MAY BE, AS ADDITIONAL REQUIREMENTS FOR THE APPLICATION FOR PRELIMINARY APPROVAL AND LOCATIONAL CLEARANCE (PALC) AND DEVELOPMENT PERMIT (DP) OF HIGH RISE CONDOMINIUM PROJECTS, HOTELS, AND MALLS AS INDICATED IN ARTICLE XI, SECTION 1 OF THE COMPREHENSIVE ZONING ORDINANCE OF DAVAO CITY",https://lissp2.davaocity.gov.ph/uploads/items/3408/Ordinance No. 0354-20.pdf
0360-20,"ENACTING AN ORDINANCE AUTHORIZING THE CITY MAYOR TO SIGN, FOR AND IN BEHLAF OF THE CITY GOVERNMENT OF DAVAO, THE MEMORANDUM OF AGREEMENT TO BE ENTERED INTO BY AND BETWEEN THE DEPARTMENT OF NATIONAL DEFENSE, THE DEPARTMENT OF PUBLIC WORKS AND HIGHWAYS, AND THE CITY GOVERNMENT OF DAVAO RELATIVE TO THE EXECUTION OF LOCAL ROAD/INFRASTRUCTURE PROJECTS WITHIN THE LGUS JURISDICTION UNDER THE DND-DPWH CONVERGENCE PROGRAM COVERING FIFTEEN (15) CONSTRUCTION PROJECTS",https://lissp2.davaocity.gov.ph/uploads/items/3409/Ordinance No. 0360-20.pdf
0420-20,"Proposed Ordinance mandating the implementation of Social Distancing and other relevant Minimum Health Protocols to Prevent the Spread of COVID-10 in Davao City, providing Funds thereof",https://lissp2.davaocity.gov.ph/uploads/items/3598/Ordinance No. 000420-20.pdf
0393-20,Proposed Ordinance promoting Organ Donation in Davao City and Instituting Mechanism as well as Appropriating Funds for the purpose,https://lissp2.davaocity.gov.ph/uploads/items/3646/Ordinance No. 0393-20.pdf
0429-20,Proposed Resolution and Ordinance prescribing the fees and establishing policies for the operation and maintenance of a City-Owned and operated Crematorium.,https://lissp2.davaocity.gov.ph/uploads/items/3940/Ordinance No. 000429-20.pdf
0431-20,"AN ORDINANCE REQUIRING THE MANDATORY IMPLEMENTATION OF THE SAFE DAVAO QR (DQR) FOR ALL ESTABLISHMENTS AND ALL INDIVIDUALS, INCLUDING NON-RESIDENTS OF DAVAO CITY",https://lissp2.davaocity.gov.ph/uploads/items/3947/Ordinance No. 0431-20.pdf
0662-21,"AN ORDINANCE INSTITUTIONALIZING MEN’S RESPONSIBILITY IN GENDER AND DEVELOPMENT (MR GAD) IN DAVAO CITY 


.",https://lissp2.davaocity.gov.ph/uploads/items/3961/Ordinance No. 000662-21.pdf
0401-20,ENACTING AN ORDINANCE STRENGTHENING AND INSTITUTIONALIZING THE DAVAO CITY MOSQUITO-BORNE DISEASES PREVENTION AND CONTROL PROGRAM,https://lissp2.davaocity.gov.ph/uploads/items/3967/Ordinance No. 0401-20 Mosquito-Borne Disease.pdf
0425-20,"Draft MOA to be entered Into by and between the City Government of Davao and the Department of Agriculture-National Meat Inspection Service, relative to the Meat Cutting Plant (MCP) and Cold Storage Warehouse Project, for appropriate action of the Body.",https://lissp2.davaocity.gov.ph/uploads/items/4044/Ordinance No. 000425-20.pdf
0396-20,"ENACTING AN ORDINANCE AUTHORIZING THE CITY MAYOR TO SIGN THE CONTRACT FOR THE GRANT OF FOREIGN ASSISTANCE BY THE UNTIED STATES TRADE AND DEVELOPMENT AUTHORITY (USTDA), TO BE ENTERED INTO BY AND BETWEEN THE CITY GOVERNMENT OF DAVAO AND WINBOURNE CONSULTING, LLC. FOR THE MODERNIZATION OF THE DAVAO CITY PUBLIC SAFETY AND SECURITY COMMAND CENTER AND THE DEVELOPMENT OF AN INTELLIGENT TRANSPORTATION MANAGEMENT SYSTEM PROJECT",javascript:void(0)
0455-20,"Proposed Ordinance regulating the use of the new Food and Medicine Pass otherwise known as the ""FM Pass Ordinance"" in the City of Davao",https://lissp2.davaocity.gov.ph/uploads/items/4070/Ordinance No. 0455-20.pdf
0784-21,ENACTING AN ORDINANCE PROTECTING AND PRESERVING HERITAGE TREES AND OTHER EXISTING TREES IN DAVAO CITY,https://lissp2.davaocity.gov.ph/uploads/items/4075/Ordinance No. 0784-21.pdf
0411-20,ENACTING AN ORDINANCE FOR THE ESTABLISHMENT OF AN OVERSEAS FILIPINO WORKERS (OFWs) FAMILIES' WELFARE AND CRISIS CENTER IN DAVAO CITY,https://lissp2.davaocity.gov.ph/uploads/items/4076/Ordinance No. 000411-20.pdf
0419-20,"ENACTING AN ORDINANCE REGULATING UNMANNED AERIAL VEHICLES (UAV), REMOTELY PILOTED AERIAL UNITS, OR ANY REMOTELY PILOTED AERIAL SYSTEM (RPAS) IN THE CITY OF DAVAO

First Reading July 16, 2019",https://lissp2.davaocity.gov.ph/uploads/items/4086/Ordinance No. 000419-20.pdf
0422-20,"ENACTING AN ORDINANCE AUTHORIZING THE CITY MAYOR TO ENTER INTO AND SIGN FOR AND IN BEHALF OF THE CITY OF DAVAO, THE MEMORANDUM OF AGREEMENT (MOA) TO BE ENTERED INTO BY AND AMONG THE CITY OF DAVAO, DAVAO LIGHT AND POWER COMPANY, INC. AND GET PHILIPPINES, INC. RELATIVE TO THE PROPOSED ""BEST BUS SERVICE"" PROJECT THAT WILL COMPLEMENT THE BASIC SERVICES AND FACILITIES OF THE CITY PARTICULARLY ON MODERN AND CONVENIENT MODE OF TRANSPORTATION",https://lissp2.davaocity.gov.ph/uploads/items/4174/Ordinance No. 0422-20.pdf
0423-20,"ENACTING AN ORDINANCE AUTHORIZING THE CITY MAYOR TO PURCHASE FOR AND IN BEHALF OF THE CITY GOVERNMENT OF DAVAO. THE ADDITIONAL TRIANGULAR LOT FRONTING THE ALREADY PURCHASED LOT FOR THE WASTE-TO-ENERGY (WTE) FACILITY, SUBJECT TO GOVERNMENT BUDGETING, ACCOUNTING AND AUDITING RULES AND REGULATIONS OF THE DEPARTMENT OF BUDGET AND MANAGEMENT, THE COMMISSION ON AUDIT, THE PROCUREMENT LAW AS WELL AS OTHER APPLICABLE LAWS, ORDINANCES AND PRESIDENTIAL DECREES",https://lissp2.davaocity.gov.ph/uploads/items/4175/Ordinance No. 0423-20.pdf
0424-20,"ENACTING AN ORDINANCE AUTHORIZING THE CITY MAYOR TO SIGN FOR AND IN BEHALF OF THE CITY OF DAVAO, THE MEMORANDUM OF AGREEMENT (MOA) TO BE ENTERED INTO BY AND BETWEEN THE CITY OF DAVAO AND BROKENSHIRE INTEGRATED HEALTH MINISTRIES, INC. RELATIVE TO THE FREE USE OF THE REAL TIME POLYMERASE CHAIN REACTION (RT/PCR) MACHINES AND RNA EXTRACTION MACHINES FOR COVID-19 TEST AND OTHER TESTS",https://lissp2.davaocity.gov.ph/uploads/items/4176/Ordinance No. 000424-20.pdf
0432-20,"ENACTING AN ORDINANCE AUTHORIZING THE CITY MAYOR TO ENTER INTO AND SIGN, FOR AND IN BEHALF OF THE CITY GOVERNMENT OF DAVAO, THE RENEWAL OF THE MEMORANDUM OF AGREEMENT TO BE ENTERED INTO BY AND BETWEEN THE CITY GOVERNMENT OF DAVAO AND MAMAY INN AND RESORT DESIGNATING THE LATTER AS QUARANTINE FACILITY TO BE MANAGED AND OPERATED BY THE CITY OF DAVAO FOR THE PERIOD OCTOBER 2020 TO JANUARY 2021",https://lissp2.davaocity.gov.ph/uploads/items/4216/Ordinance No. 0432-20.pdf
0434-20,ENACTING AN ORDINANCE APPROVING THE REVISED CODE OF ORDINANCES OF DAVAO CITY 2020,javascript:void(0)
0478-21,ENACTING AN ORDINANCE FOR THE IMPLEMENTATION OF THE COVID-19 IMMUNIZATION PROGRAM OF DAVAO CITY,https://lissp2.davaocity.gov.ph/uploads/items/4297/Ordinance No. 000478-21.pdf
0466-21,ENACTING AN ORDINANCE PENALIZING PERSONS USING OR PRODUCING FALSIFIED OR TAMPERED COVID MEDICAL TEST RESULTS OR OTHER HEALTH CERTIFICATION DOCUMENTS IN THE CITY OF DAVAO,https://lissp2.davaocity.gov.ph/uploads/items/4322/Ordinance No. 000466-21.pdf
0658-21,ENACTING AN ORDINANCE ADOPTING AND APPROVING THE TEN-YEAR SOLID WASTE MANAGEMENT PLAN OF DAVAO CITY,https://lissp2.davaocity.gov.ph/uploads/items/4416/Ordinance No. 000658-21.pdf
0477-21,ENACTING AN ORDINANCE PROVIDING FOR MANDATORY TESTING PRIOR TO ENTRY INTO DAVAO CITY VIA THE DAVAO INTERNATIONAL AIRPORT,https://lissp2.davaocity.gov.ph/uploads/items/4432/Ordinance No. 0477-21.pdf
0634-21,AN ORDINANCE GOVERNING ABANDONED AND DERELICT MOTOR VEHICLES WITHIN THE TERRITORIAL JURISDICTION OF DAVAO CITY AND PROVIDING PENALTIES THEREOF,https://lissp2.davaocity.gov.ph/uploads/items/4436/Ordinance No. 0634-21.pdf
0628-21,"ENACTING AN ORDINANCE REQUIRING THE MANDATORY IMPLEMENTATION OF THE SAFE DAVAO QR (DQR) FOR ALL ESTABLISHMENTS AND ALL INDIVIDUALS, INCLUDING NON-RESIDENTS OF DAVAO CITY. AS AMENDED",https://lissp2.davaocity.gov.ph/uploads/items/4441/Ordinance No. 0628-21.pdf
0495-21,ENACTING AN ORDINANCE MANDATING THE INSTALLATION OF INDOOR VENTILATION SYSTEM AND IMPOSING GOOD INDOOR AIR HEALTH PRACTICES TO ALL ESTABLISHMENTS IN DAVAO CITY TO MITIGATE COVID-19 TRANSMISSION,https://lissp2.davaocity.gov.ph/uploads/items/4582/Ordinance No. 0495-21.pdf
0474-21,"ENACTING AN ORDINANCE OTHERWISE KNOWN AS THE ""SAFE SPACES ORDINANCE OF DAVAO CITY""  TO COMPLY WITH THE MANDATE OF REPUBLIC ACT NO. 11313 OR THE ""SAFE SPACES ACT"" AS WELL AS ITS IMPLEMENTING RULES AND REGULATIONS (IRR) PROVIDING A LOCALIZED VERSION OF THE ACT IN ORDER TO CUSTOMIZE ITS APPLICABILITY IN DAVAO CITY",https://lissp2.davaocity.gov.ph/uploads/items/4654/Ordinance No. 0474-21.pdf
0581-21,ENACTING AN ORDINANCE REGULATING GATHERINGS IN THE CITY OF DAVAO AND PROVIDING PENALTIES THEREOF,https://lissp2.davaocity.gov.ph/uploads/items/4668/Ordinance No. 000581-21.pdf
0551-21,"ENACTING AN ORDINANCE AUTHORIZING THE CITY MAYOR TO SIGN, FOR AND IN BEHALF OF THE CITY OF DAVAO, ALL PROPERTY ACQUISITION DOCUMENTS RELATIVE TO THE ACQUISITION OF NINE (9) PROPERTIES LOCATED IN BARANGAY LANGUB, TALOMO DISTRICT, DAVAO CITY, REGISTERED UNDER THE NAME OF THE PHILIPPINE DEPOSIT INSURANCE CORPORATION (PDIC) WITH A TOTAL AREA OF 188,628 SQUARE METERS, COVERED BY TCT NO. 146-2013010870 WITH AN AREA OF 19,583 SQUARE METERS, TCT NO. 146-20130100871 WITH AN AREA OF 19,854 SQUARE METERS, TCT NO. 146-2013010872 WITH AN AREA OF 19,583 SQUARE METERS, TCT NO. 146-2013010873 WITH AN AREA OF 19,583 SQUARE METERS, TCT NO. 146-2013010874 WITH AN AREA OF 19,583 SQUARE METERS, TCT NO. 146-2013010875 WITH AN AREA OF 26,903 SQUARE METERS, TCT NO. 146-2013010876 WITH AN AREA OF 20,893 SQUARE METERS, TCT NO. 146-2013010877 WITH AN AREA OF 22,916 SQUARE METERS, TCT NO. 146-2013010878 WITH AN AREA OF 20,000 SQUARE METERS TO BE DEVOTED FOR HOUSING RESETTLEMENT",https://lissp2.davaocity.gov.ph/uploads/items/4697/Ordinance No. 0551-21.pdf
0256-20,ENACTING AN ORDINANCE INSTITUTING THE DAVAO CITY COVID-19 ENHANCED COMMUNITY QUARANTINE POLICIES,https://lissp2.davaocity.gov.ph/uploads/items/4798/Ordinance No. 0256-20.pdf
0514-21,"ENACTING AN ORDINANCE GRANTING THE REQUEST OF THE NATIONAL HOUSING AUTHORITY (NHA) FOR RECLASSIFICATION FROM PRIME AGRICULTURAL LAND SUB-ZONE TO HIGH DENSITY RESIDENTIAL ZONE OF THE CONSOLIDATED PROPERTIES LOCATED IN BARANGAYS BALENGAENG AND BIAO ESCUELA, TUGBOK DISTRICT, THIS CITY",https://lissp2.davaocity.gov.ph/uploads/items/4805/Ordinance No. 0514-21.pdf
0544-21,"ENACTING AN ORDINANCE CREATING THE CITY WATER RESOURCES OFFICE (CWRO), DEFINING ITS POWER AND FUNCTIONS, APPROPRIATING FUNDS THEREFOR, AND FOR OTHER PURPOSES",https://lissp2.davaocity.gov.ph/uploads/items/4852/Ordinance No. 0544-21.pdf
0500-21,"ENACTING AN ORDINANCE REGULATING THE SALE, DISTRIBUTION, AND USE OF SINGLE-USE PLASTICS IN THE CITY OF DAVAO",https://lissp2.davaocity.gov.ph/uploads/items/4889/Ordinance No. 0500-21 (Single-Use Plastic).pdf
0988-22,"ENACTING AN ORDINANCE TO PROHIBIT LAND CONTOUR ALTERATIONS, RECLAMATIONS AND/OR EARTHLING IN WATERWAYS, DETENTION PONDS, RETENTION PONDS, LAKES, LAGOONS, WETLANDS, AND OTHER NATURAL PONDING AREAS IN THE CITY OF DAVAO",https://lissp2.davaocity.gov.ph/uploads/items/4896/Ordinance No. 0988-22.pdf
0590-21,"ENACTING AN ORDINANCE AMENDING ORDINANCE NO. 0466-21, SERIES OF 2021, OTHERWISE KNOWN AS ""AN ORDINANCE PENALIZING PERSONS USING OR PRODUCING FALSIFIED OR TAMPERED COVID-19 MEDICAL TEST RESULTS OR OTHER HEALTH VERIFICATION DOCUMENTS IN THE CITY OF DAVAO""",https://lissp2.davaocity.gov.ph/uploads/items/4970/Ordinance No. 0590-21.pdf
0727-21,ENACTING AN ORDINANCE HONORING CENTENARIANS IN THE CITY OF DAVAO,https://lissp2.davaocity.gov.ph/uploads/items/5002/Ordinance No. 0727-21.pdf
0783-21,ENACTING AN ORDINANCE ESTABLISHING THE YOUTH AND ADOLESCENT CENTERS IN THE CITY OF DAVAO,https://lissp2.davaocity.gov.ph/uploads/items/5080/Ordinance No. 0783-21.pdf
0612-21,"AN ORDINANCE AMENDING ORDINANCE NO. 0291-17, SERIES OF 2017, OTHERWISE KNOWN AS THE  '2017 REVENUE CODE OF THE CITY OF DAVAO"" PARCULARLY CHAPTER ONE, SECTION 5,PARAGRAPH (C30) (4), TO EXPRESSLY DEFINE AND DISTINGUISH INDEPENDENT SERVICE CONTRACTORS DIRECTLY OFFERING THEIR SERVICES TO CLIENTS FOR A FEE FROM INDIVIDUAL SERVICE CONTRACTORS WITH EXISTING SERVICE AGREEMENTS WITH ANY ENTITY, AND EXCLUDING THOSE FEES ATTACTHED TO THE PRINCIPAL SUCH AS BUILDING FEE, ELECTRONIC FEE, MECHANICAL FEE,SANITATION PERMIT FEE, SANITARY INSPECTION FEE, SOLID WASTE FEE, PLUMBING FEE, ZONING FEE, GARBAGE FEE, SIGNAGE FEE AND SIGN BOARD FEE",https://lissp2.davaocity.gov.ph/uploads/items/5554/Ordinance No. 0612-21.pdf
0675-21,"AN ORDINANCE REGULATING RECREATIONAL ACTIVITIES WITHIN WATERSHED CONSERVATION AREAS OF DAVAO CITY FOR THE PROTECTION, CONSERVATION, PRESERVATION OF THE NATURAL ENVIRONMENT",https://lissp2.davaocity.gov.ph/uploads/items/5561/Ordinance No. 000675-21.pdf
0546-21,"ENACTING AN ORDINANCE ESTABLISHING THE DAVAO CITY INVENTIONS AND INNOVATIONS CENTER, DEFINING ITS POWERS AND FUNCTIONS, AND FOR OTHER PURPOSES",https://lissp2.davaocity.gov.ph/uploads/items/5570/Ordinance No. 0546-21 (Inventions and Innovations Center).pdf
0728-21,"AN ORDINANCE REGULATING AND ALLOWING MOBILE FOOD TRUCK VENDORS TO OPERATE WITHIN THE  DESIGNATED FOOD ZONES IN THE CITY OF DAVAO, AS AMENDED",https://lissp2.davaocity.gov.ph/uploads/items/5657/Ordinance No. 000728-21.pdf
0599-21,ENACTING AN ORDINANCE REQUIRING ALL ACCREDITED MOTORCYCLE DEALERS AND DISTRIBUTORS IN DAVAO CITY TO SECURE FIRST A CERTIFICATE OF COMPLIANCE ON BASIC MOTORCYCLE TRAINING COURSE FROM THEIR PROSPECTIVE CLIENTS BEFORE RELEASING THEIR PURCHASED MOTORCYCLES,https://lissp2.davaocity.gov.ph/uploads/items/5658/Ordinance No. 0599-21 (Basic Motorcycle Training).pdf
0782-21,"ENACTING AN ORDINANCE AMENDING ORDINANCE NO. 0334-12, SERIES OF 2012, OTHERWISE KNOW AS  THE ""COMPREHENSIVE TRAFFIC CODE OF DAVAO CITY"" IN CONFORMITY WITH THE AMENDED BICYCLE ORDINANCE OD DAVAO CITY",https://lissp2.davaocity.gov.ph/uploads/items/5659/Ordinance No. 0782-21.pdf
0596-21,"ENACTING AN ORDINANCE AUTHORIZING THE CITY MAYOR TO ENTER INTO AND SIGN, FOR AND IN BEHALF OF THE CITY OF DAVAO, THE MEMORANDUM OF UNDERSTANDING BY AND BETWEEN THE CITY OF DAVAO AND ROTARY CLUB OF WALING-WALING DAVAO FOR THE CONSTRUCTION, OPERATION AND MAINTENANCE OF HANDWASHING FACILITIES TO TWENTY-FIVE (25) DAY CARE CENTERS IN DAVAO CITY",https://lissp2.davaocity.gov.ph/uploads/items/5694/Ordinance No. 0596-21 (MOU Handwashing Facilities.pdf
0902-22,"AN ORDINANCE AMENDING ORDINANCE NO. 1457, SERIES OF 1974, ENTITLED ""AN ORDINANCE PROHIBITING THE LOOSENING OR LETTING STRAY DOGS IN THE CITY OF DAVAO, PROVIDING FOR THE CATCHING AND IMPOUNDING OF THE SAME, COLLECTION OF FEES FOR IMPOUNDING THEM AND PROVIDING FURTHER FOR THEIR DISPOSITION WHEN NOT CLAIMED WITHIN A CERTAIN PERIOD AND PROVIDING FOR PENALTY IN CASE OF VIOLATION THEREOF""",https://lissp2.davaocity.gov.ph/uploads/items/5767/Ordinance No. 0902-22 (Amend Prohibit Astray Dogs).pdf
0585-21,"ENACTING AN ORDINANCE CREATING THE CITY WORKERS PROTECTION AND DEVELOPMENT OFFICE OF DAVAO CITY UNDER THE OFFICE OF THE CITY MAYOR, DEFINING ITS FUNCTIONS AND OBJECTIVES, ALLOCATING FUNDS THEREOF AND FOR OTHER PURPOSES",https://lissp2.davaocity.gov.ph/uploads/items/5775/Ordinance No. 0585-21.pdf
0591-21,"ENACTING AN ORDINANCE AMENDING ORDINANCE NO. 0477-21, SERIES OF 2021, OTHERWISE KNOWN AS “AN ORDINANCE PROVIDING FOR MANDATORY TESTING PRIOR TO ENTRY INTO DAVAO CITY VIA THE DAVAO INTERNATIONAL AIRPORT”",https://lissp2.davaocity.gov.ph/uploads/items/5833/Ordinance No. 000591-21new.pdf
0670-21,"ENACTING AN ORDINANCE CREATING THE AGRICULTURAL AND BIOSYSTEMS ENGINEERING DIVISION OF THE CITY AGRICULTURIST'S OFFICE, AND THE CORRESPONDING POSITIONS UNDER SUCH DIVISION, DETERMINING THEIR POWERS, DUTIES AND FUNCTIONS",https://lissp2.davaocity.gov.ph/uploads/items/5977/Ordinance No. 0670-21.pdf
0689-21,"ENACTING AN ORDINANCE PROVIDING FOR MANDATORY REVERSE TRANSCRIPTION POLYMERASE CHAIN REACTION (RT-PCR) TESTING OF ALL F1, F2, AND F3 CONTACTS OF AN RT-PCR CONFIRMED POSITIVE CASE OF COVID-19 IN DAVAO CITY",https://lissp2.davaocity.gov.ph/uploads/items/6100/Ordinance No. 0689-21 (RT-PCR Test).pdf
0632-21,"AN ORDINANCE AMENDING ORDINANCE NO. 5003, SERIES OF 1997, OTHERWISE KNOWN AS ""THE NEW COCKFIGHTING CODE OF DAVAO CITY, TO INCLUDE E-SABONG AS A MODE OF BETTING AND AMUSEMENT FOR LOCAL COCKPIT AFFICIONADOS""",https://lissp2.davaocity.gov.ph/uploads/items/6111/Ordinance No. 0632-21.pdf
0627-21,"AN ORDINANCE ALLOWING ELECTRONIC SABONG (E-SABONG) FRANCHISEES TO BROADCAST LIVE AND DATA STREAMED COCKFIGHTING ACTIVITIES AND DERBIES AT DESIGNATED ESTABLISHMENTS IN DAVAO CITY AND TO ESTABLISH, OPERATE AND MAINTAIN OFF-SITE COCKPIT BETTING STATIONS WITHIN THE CITY OF DAVAO",https://lissp2.davaocity.gov.ph/uploads/items/6166/Ordinance No. 0627-21 (E-Sabong).pdf
0697-21,"ENACTING AN ORDINANCE AMENDING ORDINANCE NO. 092, SERIES OF 2000, OTHERWISE KNOWN AS ""AN ORDINANCE REGULATING THE CONSTRUCTION, REPAIR, RENOVATION, ASSEMBLY, INSTALLATION, AND MAINTENANCE OF OUTDOOR ADVERTISING MATERIALS AND SIGNAGES AND FOR RELATED PURPOSES""",https://lissp2.davaocity.gov.ph/uploads/items/6233/Ordinance No. 000697-21.pdf
0680-21,AN ORDINANCE INSTITUTIONALIZING ARBOR DAY AND THE TREE PLANTING PROGRAM OF THE CITY OF DAVAO,https://lissp2.davaocity.gov.ph/uploads/items/6236/Ordinance No. 000680-21.pdf
0691-21,"ENACTING AN ORDINANCE PROHIBITING THE MANUFACTURE, SALE, DISTRIBUTION OR USE OF HYDROGEN FILLED BALLOONS IN THE CITY OF DAVAO",https://lissp2.davaocity.gov.ph/uploads/items/6268/Ordinance No. 0691-21.pdf
0854-22,AN ORDINANCE PROVIDING FOR PREVENTION AND INTERVENTION MECHANISMS IN PROTECTING CHILDREN AGAINST ALL FORMS OF SEXUAL ABUSE AND EXPLOITATION,https://lissp2.davaocity.gov.ph/uploads/items/6395/Ordinance No. 0854-22.pdf
0729-21,"ENACTING AN ORDINANCE AUTHORIZING THE CITY MAYOR TO SIGN FOR AND IN BEHALF OF THE CITY OF DAVAO, THE MEMORANDUM OF AGREEMENT TO BE ENTERED INTO BY AND BETWEEN THE CITY GOVERNMENT OF DAVAO AND THE PHILIPPINE MENTAL HEALTH ASSOCIATION – DAVAO CITY CHAPTER, RELATIVE TO THE ESTABLISHMENT OF PROGRAMS AND SERVICES FOR WOMEN AND CHILDREN WITH MENTAL AND PSYCHOLOGICAL PROBLEMS",https://lissp2.davaocity.gov.ph/uploads/items/6540/Ordinance No. 0729-21.pdf
0742-21,"ENACTING AN ORDINANCE CREATING THE PUBLIC SAFETY AND SECURITY OFFICE IN THE CITY OF DAVAO, DEFINING ITS DUTIES AND FUNCTIONS, AND APPROPRIATING FUNDS FOR THE PURPOSE",https://lissp2.davaocity.gov.ph/uploads/items/6558/Ordinance No. 0742-21.pdf
0694-21,"ENACTING AN ORDINANCE AUTHORIZING THE CITY MAYOR TO ENTER INTO AND SIGN, FOR AND IN BEHALF OF THE CITY OF DAVAO, THE DEED OF USUFRUCT BY AND BETWEEN THE DEPARTMENT OF EDUCATION AND CITY GOVERNMENT OF DAVAO FOR THE CONSTRUCTION OF A CITY MAYOR'S EXTENSION OFFICE ON A PARCEL OF LAND OWNED BY DEPED LOCATED IN PAQUIBATO DISTRICT, THIS CITY",https://lissp2.davaocity.gov.ph/uploads/items/6562/Ordinance No. 0694-21.pdf
0696-21,"ENACTING AN ORDINANCE AUTHORIZING THE CITY MAYOR TO ENTER INTO AND SIGN FOR AND IN BEHALF OF THE CITY OF DAVAO, THE MEMORANDUM OF AGREEMENT  BY AND BETWEEN THE BUREAU OF PLANT INDUSTRY (BPI) AND THE CITY OF DAVAO RELATIVE TO THE USE BY THE CITY OF THE PROPERTY OF THE BUREAU OF PLANT INDUSTRY AS A SITE FOR THE CITY COLLEGE OF DAVAO",https://lissp2.davaocity.gov.ph/uploads/items/6564/Ordinance No. 0696-21 (MOA BPI).pdf
0934-22,AN ORDINANCE DECLARING DAVAO CHONG HUA HIGH SCHOOL AS A HISTORICAL LANDMARK IN DAVAO CITY,https://lissp2.davaocity.gov.ph/uploads/items/6576/Ordinance No. 0934-22.pdf
0736-21,AN ORDINANCE PROVIDING FOR THE GUIDELINES ON THE SOCIAL DEVELOPMENT PROGRAMS FOR THE PUBLIC VEHICLE MODERNIZATION PROJECTS OF DAVAO CITY,https://lissp2.davaocity.gov.ph/uploads/items/6716/Ordinance No. 000736-21.pdf
0987-22,"AN ORDINANCE FURTHER AMENDING CITY ORDINANCE NO. 0361-10, SERIES OF 2010, SERIES OF 2010, OTHERWISE KNOWN AS THE ""DAVAO CITY ECOLOGICAL SOLID WASTE MANAGEMENT ORDINANCE""",https://lissp2.davaocity.gov.ph/uploads/items/6849/Ordinance No. 0987-22.pdf
0767-21,ENACTING AN ORDINANCE FOR THE ESTABLISHMENT AND CONSTRUCTION OF A CITY-OWNED AND OPERATED OXYGEN CONCENTRATION PLANT WITH A CYLINDER REFILLING SYSTEM IN DAVAO CITY,https://lissp2.davaocity.gov.ph/uploads/items/7068/Ordinance No. 0767-21.pdf
0778-21,"ENACTING AN ORDINANCE ENTITLED ""AN ORDINANCE PROVIDING FOR MANDATORY REVERSE TRANSCRIPTION POLYMERASE CHAIN REACTION (RT-PCR) TESTING OF ALL F1, F2 AND F3 CONTACTS OF AN RT-PCR CONFRIMED POSITIVE CASE OF COVID-19 IN DAVAO CITY"", AS AMENDED",https://lissp2.davaocity.gov.ph/uploads/items/7079/Ordinance No. 0778-21.pdf
0814-21,"AN ORDINANCE AMENDING ORDINANCE NO. 0628-21, SERIES OF 2021, OTHERWISE KNOWN AS ""AN ORDINANCE REQUIRING THE MANDATORY IMPLEMENTATION OF THE SAFE DAVAO QR (DQR) FOR ALL ESTABLISHMENTS AND ALL INDIVIDUALS, INCLUDING NON-RESIDENTS OF DAVAO CITY, AS AMENDED""",https://lissp2.davaocity.gov.ph/uploads/items/7290/Ordinance No. 0814-21.pdf
0816-21,AN ORDINANCE MODERNIZING AND STRENGTHENING THE DAVAO CITY LIBRARY AND INFORMATION CENTER,https://lissp2.davaocity.gov.ph/uploads/items/7314/Ordinance No. 0816-21.pdf
0823-21,"AN ORDINANCE DECLARING THE DAVAO FOOD TERMINAL COMPLEX (DFTC) AS THE OFFICIAL WHOLESALE FACILITY FOR FRUITS AND VEGETABLES AND ESTABLISHING GUIDELINES, RULES AND REGULATIONS FOR THE MANAGEMENT AND OPERATION OF DFTC IN DALIAO, TORIL, THIS CITY",https://lissp2.davaocity.gov.ph/uploads/items/7389/Ordinance No. 000823-21.pdf
0839-21,"ENACTING AN ORDINANCE AMENDING ORDINANCE NO. 0551-21, SERIES OF 2021, ENTITLED ""AN ORDINANCE AUTHORIZING THE CITY MAYOR TO SIGN FOR AND IN BEHALF OF THE CITY OF DAVAO, ALL PROPERTY ACQUISITION DOCUMENTS RELATIVE TO THE ACQUISITION OF NINE (9) PROPERTIES LOCATED IN BARANGAY LANGUB, TALOMO DISTRICT, DAVAO CITY, REGISTERED UNDER THE NAME OF THE PHILIPPINE DEPOSIT INSURANCE CORPORATION (PDIC) WITH A TOTAL AREA OF 188,628 SQUARE METERS COVERED BY TCT NOS. 146-2013010870 WITH 19,583 SQUARE METERS, 146-2013010781 WITH 19,594 SQUARE METERS, 146-2013010872 WITH 19,593 SQUARE METERS, 146-2013010873 WITH 19,583 SQUARE METERS, 146-2013010874 WITH 19,583 SQUARE METERS, 146-2013010875 WITH 26,903 SQUARE METERS, 146-2013010876 WITH 20,893 SQUARE METERS, 146-2013010877 WITH 22, 916 SQUARE METERS AND 146-2013010878 WITH 20,000 SQUARE METERS TO BE DEVOTED FOR HOUSING RESETTLEMENT""",https://lissp2.davaocity.gov.ph/uploads/items/7417/Ordinance No. 0839-21.pdf
0850-21,ENACTING AN ORDINANCE ACCEPTING THE GUIDELINES ON HOSPITALIZATION ASSISTANCE BENEFIT AND MORTUARY FUND BENEFIT TO EMPLOYEE OF THE CITY GOVERNMENT OF DAVAO,https://lissp2.davaocity.gov.ph/uploads/items/7430/Ordinance No. 000850-21.pdf
0853-22,"ENACTING AN ORDINANCE GRANTING THE APPLICATION OF DAVAO CITY WATER DISTRICT (DCWD), FOR RECLASSIFICATION AND CHANGE OF ZONE REQUIREMENT FROM INDUSTRIAL AND AGRI NON-TILLAGE TO WASTE MANAGEMENT ZONE, FOR THE DAVAO CITY SEPTAGE MANAGEMENT PROGRAM, COVERED BY TCT NO. 146-2020020510 WITH AN AREA OF 3,300 SQUARE METERS, MORE OR LESS, LOCATED IN MALAGAMOT ROAD, BARANGAY INDANGAN, BUHANGIN DISTRICT, THIS CITY

See Item No. 1592",https://lissp2.davaocity.gov.ph/uploads/items/7639/Ordinance No. 0853-22.pdf
0891-22,"AN ORDINANCE CREATING THE CITY PEACE 911 COUNCIL AND THE PEACE 911 SA BARANGAY, SUBJECT TO ALL LAWS AND EXISTING LEGAL RULES AND REGULATIONS",https://lissp2.davaocity.gov.ph/uploads/items/7771/Ordinance No. 0891-22 (Creating Peace 911 Council).pdf
0950-22,"AN ORDINANCE FOR THE ESTABLISHMENT OF THE DAVAO CITY RICE PROCESSING CENTER, THAT INCLUDES POST-HARVEST FACILITIES, PROVIDING SUBSIDIES, INCENTIVES AND OTHER SUPPORT FOR PALAY FARMERS IN THE CITY OF DAVAO",https://lissp2.davaocity.gov.ph/uploads/items/7969/Ordinance No. 0950-22.pdf
0893-22,"ENACTING AN ORDINANCE INSTITUTIONALIZING THE ALTERNATIVE LEARNING SYSTEMS (ALS) IN THE CITY OF DAVAO, DING GUIDELINES THEREOF, ALLOCATING FUNDS AND FOR OTHER PURPOSES",https://lissp2.davaocity.gov.ph/uploads/items/8311/Ordinance No. 0893-22 (ALS).pdf
0999-22,"AN ORDINANCE INSTITUTIONALIZING THE ISKOLAR NG TRIBU PROGRAM SEEKING SUPPORT FROM THE CITY GOVERNMENT OF DAVAO, AND OTHER STAKEHOLDERS, SUCH AS THE HIGHER EDUCATION INSTITUTIONS",https://lissp2.davaocity.gov.ph/uploads/items/8452/Ordinance No. 0999-22.pdf
0979-22,"ENACTING AN ORDINANCE CREATING THE MEETINGS, INCENTIVES, CONVENTIONS AND EXHIBITIONS (MICE) BOARD OF DAVAO CITY, PRESCRIBING ITS POWERS AND FUNCTIONS, AND FOR OTHER PURPOSES",https://lissp2.davaocity.gov.ph/uploads/items/8527/Ordinance No. 0979-22.pdf
0954-22,"AN ORDINANCE AMENDING ORDINANCE NO. 0105-19, SERIES OF 2019, ENTITLED ""AN ORDINANCE GRANTING ANNUAL FINANCIAL ASSISTANCE TO ALL QUALIFIED SENIOR CITIZENS OF DAVAO CITY""",https://lissp2.davaocity.gov.ph/uploads/items/8649/Ordinance No. 0954-22.pdf
0919-22,"RESOLUTION: ADOPTING DEPARTMENT OF AGRICULTURE ADMINISTRATIVE ORDER NO. 07, SERIES OF 2021, “IMPLEMENTATION GUIDELINES FOR THE BANTAY ASF SA BARANGAY PROGRAM”

ORDINANCE: AN ORDINANCE STRENGTHENING AND INSTITUTIONALIZING THE ASF TASK FORCE AND BANTAY ASF SA BARANGAY PROGRAM OF THE CITY OF DAVAO AND PRESCRIBING PENALTIES FOR VIOLATION THEREFOR AND FOR OTHER PURPOSES",https://lissp2.davaocity.gov.ph/uploads/items/8926/Ordinance No. 0919-22.pdf
0331-23,"AN ORDINANCE AMENDING ORDINANCE NO. 0407-12 ENTITLED ""AN ORDINANCE REQUIRING ALL ESTABLISHMENTS, WHETHER COMMERCIAL, INDUSTRIAL OR FINANCIAL ISTITUTIONS, WITH CAPITALIZATION OF NOT LESS THAN THREE MILLION PESOS (3,000,000.00), INCLUDING, BUT NOT LIMITED TO, BANKS, \PAWNSHOPRS, RESTAURANTS, SHOPPING MALLS, HOTELS AND INNS, EDUCATIONAL INSTITUTIONS, HOSPITAL AND MEDICAL INSTITUTIONS, GAMING COCKPITS (SABUNGAN), PRIVATE TRANSPORT TERMINALS ON LAND, AIR OR SEA OPERATING WITHIN THE CITY OF DAVAO, TO INSTALL, OPERATE, AND MAINTAIN CLOSED CIRCUIT TELEVISION (CCTV) CAMERAS IN PUBLIC/COMMON AREA/S",https://lissp2.davaocity.gov.ph/uploads/items/9488/Ordinance No. 0331-23 Amendment CCTV.pdf
0974-22,AN ORDINANCE MANDATING THE USE OF SAFE DAVAO QR CARD (SDQR CARD) AS REPLACEMENT FOR PWD AND SENIOR CITIZEN IDENTIFICATION CARD (ID),https://lissp2.davaocity.gov.ph/uploads/items/9772/Ordinance No. 0974-22.pdf
0998-22,AN ORDINANCE INSTITUTIONALIZING THE DAVAO CITY ENHANCED COMPREHENSIVE LOCAL INTEGRATION PROGRAM (E-CLIP) FOR FORMER REBELS (FRs) AND FORMER VIOLENT EXTREMISTS (FVEs) IN DAVAO CITY AND OTHER PERTINENT PROGRAMS AND SERVICES AS PROVIDED BY THE HALF-WAY HOUSE KALINAW VILLAGE,https://lissp2.davaocity.gov.ph/uploads/items/9847/Ordinance No. 0998-22.pdf
01002-22,"AN ORDINANCE AMENDING ORDINANCE NO. 0270-15, SERIES OF 2015, OTHERWISE KNOWN AS ""THE INTERNET CAFÉ ORDINANCE OF DAVAO CITY""AS FURTHER AMENDED",https://lissp2.davaocity.gov.ph/uploads/items/9848/Ordinance No. 01002-22.pdf
0206-23,"AN ORDINANCE AUTHORIZING THE CITY MAYOR TO ENTER INTO AND SIGN, FOR AND IN BEHALF OF THE CITY OF DAVAO, THE MEMORANDUM OF UNDERSTANDING (MOU) TO BE ENTERED INTO BY AND AMONG VARIOUS GOVERNMENT OFFICES/AGENCIES RELATIVE TO THE CREATION OF THE PROJECT INTER-AGENCY COMMITTEE (PIAC) IN RELATION TO THE NATIONAL HOUSING AUTHORITY (NHA) PROJECTS IN DAVAO CITY",https://lissp2.davaocity.gov.ph/uploads/items/10124/Ordinance No. 0206-23 MOU creation PIAC.pdf
0246-23,AN ORDINANCE ESTABLISHING THE PREEMPTIVE AND EMERGENCY EVACUATION SYSTEM IN CASES OF DISASTERS AND OTHER EMERGENCIES CAUSED BY NATURAL OR MAN-MADE HAZARDS OR DISASTERS AND PROVIDING PENALTIES THEREFOR,https://lissp2.davaocity.gov.ph/uploads/items/10138/Ordinance No. 0246-23 Preemptive and Emergency Evacuation.pdf
0270-23,"AN ORDINANCE PROVIDING FOR THE SPEED LIMITS FOR ALL KINDS OF MOTOR VEHICLES WITHIN THE TERRITORIAL JURISDICTION OF DAVAO CITY, PROVIDING PENALTIES THEREOF, COLLECTION OF ROAD CRASH DATA, AND APPROPRIATING FUNDS FOR THE PURPOSE",https://lissp2.davaocity.gov.ph/uploads/items/10139/Ordinance No. 0270-23 Speed Limits.pdf
048-22,"ENACTING AN ORDINANCE INSTITUTIONALIZING THE ENHANCED SAFETY AND SECURITY MEASURES AND REGULATIONS IN SPECIFIED AREAS AND DURING BIG EVENTS IN DAVAO CITY


(Previous title of the Item: Establishing Maximum Security Zones in Davao City)",https://lissp2.davaocity.gov.ph/uploads/items/10141/Ordinance No. 048-22 Safety and Security Measures.pdf
0192-23,"AN ORDINANCE PROVIDING A SYSTEM FOR ADDRESSING AND PREVENTING BULLYING IN EDUCATIONAL INSTITUTIONS, WORKPLACES, AND OTHER PUBLIC AREAS, AS AMENDED",https://lissp2.davaocity.gov.ph/uploads/items/10228/Ordinance No. 0192-23.pdf
0102-22,"ENACTING AN ORDINANCE INSTITUTIONALIZING A REWARD SYSTEM FOR ATHLETES AND COACHES WHO BRING PRESTIGE AND HONOR TO THE CITY OF DAVAO FOR THEIR OUTSTANDING PERFORMANCE IN REGIONAL, NATIONAL AND INTERNATIONAL YOUTH AND SPORTS COMPETITIONS AND TOURNAMENTS, APPROPRIATING FUNDS IN RELATION THERETO AND FOR OTHER PURPOSES,AS AMENDED",https://lissp2.davaocity.gov.ph/uploads/items/10293/Ordinance No. 0102-22 (Reward for athletes).pdf
0167-23,AN ORDINANCE INSTITUTING AND IMPLEMENTING THE REGISTRATION OF OWNERSHIP AND INVENTORY OF AGRICULTURAL AND FISHERIES MACHINERY AND EQUIPMENT WITHIN THE TERRITORIAL JURISDICTION OF DAVAO CITY,https://lissp2.davaocity.gov.ph/uploads/items/10377/Ordinance No. 0167-23 -Registration of Ownership and Inventory.pdf
0307-23,"AN ORDINANCE CREATING THE DAVAO CITY YOUTH DEVELOPMENT COUNCIL (DCYDC), DEFINING ITS FUNCTIONS AND PURPOSE AND PROVIDING FUNDS THEREFOR",https://lissp2.davaocity.gov.ph/uploads/items/10509/Ordinance No. 0307-23 DCYDC creation.pdf
086-22,ENACTING AN ORDINANCE REQUIRING CITY GOVERNMENT EMPLOYEES TO WEAR AN INDIGENOUS PEOPLE AND MORO INSPIRED ATTIRE AND/OR ACCESSORY EVERY FIRST MONDAY OF THE MONTH TO CELEBRATE OUR LOCAL CULTURE,https://lissp2.davaocity.gov.ph/uploads/items/10561/Ordinance No. 086-22 IP attire.pdf
025-22,"ENACTING AN ORDINANCE AMENDING CERTAIN PROVISIONS OF ORDINANCE NO. 0866-22, ENTITLED ""AN ORDINANCE UPDATING  THE ORGANIZATIONAL STRUCTURE OF THE CITY DISASTER RISK REDUCTION AND MANAGEMENT OFFICE (CDRRMO) AND PROVIDING FUNDS THEREOF, SUBJECT TO ALL LAWS AND EXISTING LEGAL RULES AND REGULATIONS”",https://lissp2.davaocity.gov.ph/uploads/items/10575/Ordinance No. 025-22 Org. Structure CDRRMO.pdf
018-22,"Enacting an Ordinance Amending Section 13 of Ordinance No. 0742-21 Series of 2021, entitled “An Ordinance Creating  the Public Safety and Security Office in the City of Davao, Defining its Duties and Functions, and Appropriating Funds for the Purpose”",https://lissp2.davaocity.gov.ph/uploads/items/10576/Ordinance No. 018-22.pdf
019-22,"Enacting an Ordinance Amending Section 11 of Ordinance No. 0670-21, Series of 2021, entitled “An Ordinance Creating  the Agricultural and Biosystems Engineering Division of the City Agriculturist Office, and the Corresponding Positions under Such Division, Determining their Powers, Duties and Functions”",https://lissp2.davaocity.gov.ph/uploads/items/10577/Ordinance No. 019-22 Amendment Agri and Biosystem Eng'g.pdf
0184-23,"AN ORDINANCE AMENDING APPENDIX 4 (PUBLIC PAY-PARKING ZONES) OF CITY ORDINANCE NO. 0334-12, OTHERWISE KNOWN AS THE COMPREHENSIVE TRAFFIC AND AND TRANSPORT CODE OF DAVAO CITY IN ORDER TO CONVERT THE PORTION OF GENERAL LUNA ST. (FRONTING DAVAO DENCIA'S RESTAURANT) TO BE A PAY-PARKING ZONE AREA",https://lissp2.davaocity.gov.ph/uploads/items/10925/Ordinance No. 0184-23 Traffic Code.pdf
0114-22,"ENACTING AN ORDINANCE FURTHER AMENDING ORDINANCE NO. 5003, SERIES OF 1997, OTHERWISE KNOWN AS THE ""COCKFIGHTING CODE OF DAVAO CITY"", AS AMENDED BY ORDINANCE NO. 0632-21, SERIES OF 2021",https://lissp2.davaocity.gov.ph/uploads/items/11367/Ordinance No. 0114-22.pdf
0100-22,"AN ORDINANCE CREATING THE CITY DISABILITY AFFAIRS COUNCIL (DCDAC) DETERMINING THEIR DUTIES, POWERS, AND FUNCTIONS",https://lissp2.davaocity.gov.ph/uploads/items/11386/Ordinance No. 0100-22 (creating DCDAC).pdf
043-22,"ENACTING AN ORDINANCE CREATING THE PERSONS WITH DISABILITIES AFFAIRS CENTER (PDAC)-THE PERSONS WITH DISABILITIES OFFICE (PDAO) OF DAVAO CITY, AS A DIVISION UNDER THE CITY SOCIAL WELFARE AND DEVELOPMENT OFFICE (CSWDO), DETERMINING THEIR DUTIES, POWERS, AND FUNCTIONS",https://lissp2.davaocity.gov.ph/uploads/items/11387/Ordinance No. 043-22 (creating PDAC-PDAO).pdf
0155-23,"AN ORDINANCE GRANTING PERSONS WITH DISABILITY, WITH DULY ISSUED IDENTIFICATION CARDS BY THE CITY GOVERNMENT OF DAVAO, FREE MOVIE PRIVILLEGE TO ALL CINEMAS IN THE CITY OF DAVAO",https://lissp2.davaocity.gov.ph/uploads/items/11508/Ordinance No. 0155-23 -PWD ID.pdf
0332-23,"AN ORDINANCE CREATING THE DAVAO CITY OFFICE FOR CULTURE AND THE ARTS AS A DIVISION UNDER THE CITY MAYOR’S OFFICE, APPROPRIATING FUNDS THEREOF, AND FOR OTHER PURPOSES",https://lissp2.davaocity.gov.ph/uploads/items/11653/Ordinance No. 0332-23 DC Office for Culture and the Arts.pdf
0393-24,"AN ORDINANCE INSTITUTIONALIZING THE PROGRAMS, SERVICES, PREVILIGES AND BENEFITS FOR SOLO PARENTS AND THEIR CHILDREN, APPROPRIAATING FUNDS THEREOF AND FOR OTHER PURPOSES PURSUANT TO REPUBLIC ACT 8972 AS AMENDED BY REPUBLIC ACT 11861, KNOWN AS THE AMENDED SOLO PARENTS WELFARE ACT OF 2000",https://lissp2.davaocity.gov.ph/uploads/items/11720/Ordinance No. 0393-24 - Solo Parents.pdf
0111-22,"ENACTING AN ORDINANCE AMENDING CITY ORDINANCE NO. 089-13, SERIES OF 2013, ESTABLISHING AND REGULATING THE NIGHT MARKET OPERATIONS IN THE CITY OF DAVAO",https://lissp2.davaocity.gov.ph/uploads/items/11722/Ordinance No. 0111-22 (Night Market).pdf
0101-22,"ENACTING AN ORDINANCE PROVIDING ALL BUSINESS ESTABLISHMENTS AND LOCAL TRANSPORTATION IN DAVAO CITY A QR PH DIGITAL PAYMENTS IN LINE WITH THE PALENG-QR PH PROGRAM, AND PROVIDING INCENTIVES THEREOF, WHICH THEY MAY ADOPT OR AVAIL",https://lissp2.davaocity.gov.ph/uploads/items/11903/Ordinance No. 0101-22 (Paleng-QR Ph).pdf
0308-23,"AN ORDINANCE CREATING THE DAVAO CITY YOUTH DEVELOPMENT DIVISION - THE LOCAL YOUTH DEVELOPMENT OFFICE (DCYDO-LYDO) OF DAVAO CITY, DEFINING ITS FUNCTIONS AND PURPOSE; AND PROVIDING FUNDS THEREFOR",https://lissp2.davaocity.gov.ph/uploads/items/12044/Ordinance No. 0308-23 DCYDD-LYDO.pdf
0539-24,"AN ORDINANCE AMENDING ORDINANCE NO. 0362-17, SERIES OF 2017, OTHERWISE KNWON AS THE MARITIME COORDINATING COUNCIL (MCC) OF DAVAO CITY, AS AMENDED BY ORDINANCE NO. 0116-19, SERIES OF 2019, TO INCLUDE UNDER SECTION 4 A PROVISION TO INCLUDE THE DAVAO CITY MARITIME POLICE STATION AND TO AMEND THE UNIT MANDATED AS THE VICE CHAIRPERSON OF THE MCC COMPOSITION",https://lissp2.davaocity.gov.ph/uploads/items/12046/Ordinance No. 0539-24 Amending Maritime Coordinating Council.pdf
0108-22,"AN ORDINANCE, OTHERWISE KNOWN AS “AN ORDINANCE TO FURTHER AMEND THE ORDINANCE NO. 0307-20, SERIES OF 2020, AS AMEND, TO ALLOW VOLUNTARY WEARING OF FACEMASK IN INDOOR AND OUTDOOR SETTINGS SUBJECT TO CERTAIN EXCEPTIONS SURING THE STATE OF PUBLIC HEALTH EMERGENCY RELATIVE TO THE COVID-19 PANDEMIC",https://lissp2.davaocity.gov.ph/uploads/items/12103/Ordinance No. 0108-22.pdf
0160-23,"AN ORDINANCE ESTABLISHING THE CITY GOVERNMENT OF DAVAO-MARILOG DISTRICT HOSPITAL(CGD-MDH), APPROPRIATING FUNDS THEREFOR, AND FOR OTHER PURPOSES",javascript:void(0)
0214-23,"AN ORDINANCE AMENDING CITY ORDINANCE NO. 0546-21, SERIES OF 2021, ESTABLISHING THE DAVAO CITY INVENTIONS AND INNOVATION CENTER, DEFINING ITS POWERS AND FUNCTIONS, AND FOR OTHER PURPOSES",https://lissp2.davaocity.gov.ph/uploads/items/13034/Ordinance No. 0214-23.pdf
0173-23,"AN ORDINANCE EXTENDING THE SUSPENSION OF THE IMPLEMENTATION OF SECTION 39 OF ORDINANCE 042-19, SERIES OF 2019, OTHERWISE KNOWN AS ""AN ORDINANCE FURTHER AMENDING THE DAVAO CITY INVESTMENT INCENTIVE CODE OF 1994"" UNTIL DECEMBER 31,2023",https://lissp2.davaocity.gov.ph/uploads/items/13159/Ordinance No. 0173-23 -Suspension of Section39 of Incentive Code.pdf
0290-23,AN ORDINANCE UPGRADING THE HOUSING AND HOMESITE DEVELOPMENT DIVISION OF THE CITY PLANNING AND DEVELOPMENT OFFICE INTO A DEPARTMENT OF THE CITY GOVERNMENT TO BE KNOWN AS THE DAVAO CITY HOUSING OFFICE (DCHO),https://lissp2.davaocity.gov.ph/uploads/items/13286/Ordinance No. 0290-23 DCHO.pdf
0303-23,AN ORDINANCE INSTITUTIONALIZING THE LESS PAPER SESSION SYSTEM THROUGH THE UPGRADING OF THE LEGISLATIVE INFORMATION SUPPORT SYSTEM (LISSP) OF THE SANGGUNIANG PANLUNGSOD,https://lissp2.davaocity.gov.ph/uploads/items/13326/Ordinance No. 0303-23 Less Paper Session.pdf
0258-23,AN ORDINANCE OPERATIONALIZING REPUBLIC ACT NO. 10173 OR THE DATA PRIVACY ACT OF 2012 IN THE CITY OF DAVAO (ALSO KNOWN AS THE DATA PRIVACY ORDINANCE OF THE CITY OF DAVAO) AND PROVIDING GUIDELINES AND FUNDS THEREFOR,https://lissp2.davaocity.gov.ph/uploads/items/13612/Ordinance No. 0258-23 Data Privacy Ordinance.pdf
0185-23,"AN ORDINANCE UPDATING THE ORGANIZATIONAL STRUCTURE BY CONVERSION, AND CREATION OF DIVISIONS, SECTIONS AND POSITIONS IN THE CITY PLANNING AND DEVELOPMENT OFFICE (CPDO)",https://lissp2.davaocity.gov.ph/uploads/items/13743/Ordinance No. 0185-23.pdf
0202-23,"AN ORDINANCE APPROVING AND ADOPTING THE DAVAO CITY DISASTER RISK REDUCTION AND MANAGEMENT FUND INVESTMENT PLAN (DCDRRMFIP) FOR CALENDAR YEAR 2023 IN THE TOTAL AMOUNT OF SEVEN HUNDRED THIRTY-NINE MILLION SIX HUNDRED SIXTY THOUSAND NINETY-NINE PESOS AND 71/100 (P739,660,099.71)",https://lissp2.davaocity.gov.ph/uploads/items/13852/Ordinance No. 0202-23.pdf
0221-23,"AN ORDINANCE GRANTING LEGISLATIVE AUTHORITY TO THE CITY MAYOR TO ENTER INTO AND SIGN, FOR AND IN BEHALF THE CITY OF DAVAO, A MEMORANDUM OF UNDERSTANDING (MOU) BY AND BETWEEN THE CITY OF DAVAO AND THE DEPARTMENT OF SOCIAL WELFARE AND DEVELOPMENT - RECEPTION AND STUDY CENTER FOR CHILDREN (DSWD-RSCC), REGARDING THE ENROLLMENT OF CHILDREN IN THE EARLY CHILDHOOD CARE AND DEVELOPMENT (ECCD) PROGRAM OF THE CITY'S DAY CARE CENTER",https://lissp2.davaocity.gov.ph/uploads/items/13933/Ordinance No. 0221-23 MOU DSWD-RSCC.pdf
0193-23,"AN ORDINANCE AMENDING CERTAIN SECTIONS OF ORDINANCE NO. 0891-22, SERIES OF 2022, ENTITLED ""AN ORDINANCE CREATING THE CITY PEACE 911 COUNCIL AND PEACE 911 SA BARANGAY, SUBJECT TO ALL LAWS AND EXISTING LEGAL RULES AND REGULATIONS""",https://lissp2.davaocity.gov.ph/uploads/items/14018/Ordinance No. 0193-23 Amendment Peace 911.pdf
0177-23,"AN ORDINANCE APPROVING THE SUPPLEMENTARY ADJUSTMENTS TO THE SUBMITTED COMPREHENSIVE LAND USE PLAN (CLUP) 2019-2028 FOR CONSISTENCY OF GEOGRAPHIC DATA AND FIGURES, IN VOLUME 1 - THE PLANNING PROCESS, PARTICULARLY THE FOLLOWING SECTIONS, TO WIT: A) EXISTING LAND USE PLAN; B) LAND USE TREND; C) DEVELOPMENT CONSTRAINTS; D) AVAILABLE LAND SUPPLY FOR DEVELOPMENT; E) ADDITIONAL AREA REQUIREMENT; F) PROPOSED LAND AND WATER USE; AND IN VOLUME 2 - THE COMPREHENSIVE ZONING ORDINANCE PARTICULARLY THE FOLLOWING SECTIONS, TO WIT; G) SECTION 12.3 REGULATIONS IN AGRICULTURAL ZONE: ""AGRICULTURAL AREAS WITHIN THE NPAAAD AND SAFDZ SHALL NOT BE SUBJECTED FOR RECLASSIFICATION""; H) SECTION 12.3.1 PROTECTION AGRICULTURE SUB-ZONE: ""ALSO CONCERNED IN THIS SUB-ZONE ARE IRRIGATED AND IRRIGABLE LANDS""",https://lissp2.davaocity.gov.ph/uploads/items/14143/Ordinance No. 0177-23.pdf
0208-23,"AN ORDINANCE AMENDING CERTAIN SECTIONS OF ORDINANCE NO. 0873-22, ENTITLED ""AN ORDINANCE CREATING PEACE 911-THE CENTER FOR PEACE BUILDING AS A DIVISION OF THE OFFICE OF THE CITY MAYOR (CMO), SUBJECT TO ALL LAWS AND EXISTING RULES AND REGULATIONS""",https://lissp2.davaocity.gov.ph/uploads/items/14278/Ordinance No. 0208-23 Amendment Peace 911.pdf
0236-23,"AN ORDINANCE EXTENDING THE COMPLIANCE TO DAVAO CITY ORDINANCE NO. 0506-13, OTHERWISE KNOWN AS ""AN ORDINANCE REQUIRING THE BUSINESS ESTABLISHMENT EMPLOYING TEN (10) OR MORE TO HAVE A DRUG FREE WORKING POLICY AS A REQUIREMENT FOR THE RENEWAL AND ACQUISITION OF THEIR BUSINESS PERMIT""",https://lissp2.davaocity.gov.ph/uploads/items/14354/Ordinance No. 0236-23 10 or more employees.pdf
0354-23,"AN ORDINANCE REGULATING THE POLE USAGE AND POLE WIRE INSTALLATION ON THE CITY OF DAVAO

(Anti-Spaghetti Wires Ordinance)",https://lissp2.davaocity.gov.ph/uploads/items/14399/Ordinance No. 0354-23 -Anti-Spaghetti.pdf
0298-23,"AN ORDINANCE AMENDING ORDINANCE NO. 0861-22 ""AN ORDINANCE ADOPTING THE DAVAO CITY COMPREHENSIVE LAND USE PLAN (CLUP) 2019-2028, ARTICLE V, ZONE REGULATIONS, SECTION 12.6.6- URBAN ECOLOGICAL SUB-ZONE (UEESZ)""",https://lissp2.davaocity.gov.ph/uploads/items/14529/Ordinance No. 0298-23 (CLUP 2019-2028).pdf
0239-23,"AN ORDINANCE AMENDING ORDINANCE NO. 0102-22, SERIES OF 2022, ENTITLED “AN ORDINANCE INSTITUTIONALIZING A REWARD SYSTEM FOR ATHLETES AND SPORTS OFFICIALS IN BRINGING PRESTIGE AND HONOR TO THE CITY OF DAVAO IN THEIR OUTSTANDING PERFORMANCE IN NATIONAL AND INTERNATIONAL YOUTH AND SPORTS COMPETITIONS AND TOURNAMENTS, APPRORIATING FUNDS IN RELATION THERETO AND FOR OTHER PURPOSES",https://lissp2.davaocity.gov.ph/uploads/items/14772/Ordinance No. 0239-23 Amendment Rewards System for Athletes.pdf
0215-23,"AN ORDINANCE AUTHORIZING THE CITY MAYOR TO ENTER INTO AND SIGN, FOR AND IN BEHALF OF THE CITY OF DAVAO, THE AMENDMENT TO THE MEMORANDUM OF AGREEMENT TO BE ENTERED INTO BY AND BETWEEN THE CITY GOVERNMENT OF DAVAO AND THE PHILIPPINE AMUSEMENT AND GAMING CORPORATION (PAGCOR) RELATIVE TO THE CONSTRUCTION OF THE DAVAO CITY PUBLIC HOSPITAL AND PROVISION OF ITS HOSPITAL EQUIPMENT, SUBJECT TO GOVERNMENT BUDGETING, ACCOUNTING AND AUDITING RULES AND REGULATIONS OF THE DEPARTMENT OF BUDGET AND MANAGEMENT (DBM), THE COMMISSION ON AUDIT (COA), THE PROCUREMENT LAW, AS WELL AS OTHER APPLICABLE LAWS",https://lissp2.davaocity.gov.ph/uploads/items/14791/Ordinance No. 0215-23.pdf
0216-23,"AN ORDINANCE APPROVING THE REQUEST OF THE BUREAU OF FIRE PROTECTION-DAVAO CITY FIRE DISTRICT FOR AN AUTHORITY TO PURCHASE MOTOR VEHICLE TO BE CHARGED UNDER THE 20% LOCAL GOVERNMENT FUND SHARE FROM THE FIRE CODE REVENUE IN THE AMOUNT OF SIX MILLION SIX HUNDRED EIGHTY SEVEN THOUSAND PESOS (P6,687,000.00), FOR THE IMPROVEMENT OF THE DAVAO CITY FIRE DISTRICT OFFICE AND ACTIVATION OF BAJADA FIRE STATION, SUBJECT TO GOVERNMENT BUDGETING, ACCOUNTING AND AUDITING RULES AND REGULATIONS OF THE DEPARTMENT OF BUDGET AND MANAGEMENT (DBM), THE COMMISSION ON AUDIT (COA), THE PROCUREMENT LAW, AS WELL AS OTHER APPLICABLE LAWS",https://lissp2.davaocity.gov.ph/uploads/items/14792/Ordinance No. 0216-23 BFP Purchase Motor Vehicle.pdf
0464-24,AN ORDINANCE DECLARING MOUNT APO NATURAL PARK AS A GEOPARK,https://lissp2.davaocity.gov.ph/uploads/items/14860/Ordinance No. 0464-24 Mt. Apo as Geopark.pdf
0223-23,"AN ORDINANCE AMENDING THE ORDINANCE GRANTING LEGISLATIVE AUTHORITY TO THE CITY MAYOR TO SIGN, FOR AND IN BEHALF OF THE CITY OF DAVAO, THE MEMORANDUM OF AGREEMENT (MOA) TO BE ENTERED INTO BY AND BETWEEN THE CITY IF DAVAO AND PHILIPPINE MENTAL HEALTH ASSOCIATION INCORPORATED - DAVAO CHAPTER, RELATIVE TO THEIR PROGRAMS AND SERVICES CATERING THE MENTAL HEALTH OF CHILDREN AND WOMEN IN DAVAO CITY",https://lissp2.davaocity.gov.ph/uploads/items/14940/Ordinance No. 0223-23 MOA Phil. Mental Health.pdf
0495-24,ENACTING AN ORDINANCE IMPOSING ZERO PERCENT (0%) TAX ON THE LOCAL BUSINESS TAX OF THE JAPANESE OFFICIAL DEVELOPMENT ASSISTANCE-FUNDED PROJECTS IN DAVAO CITY SUBJECTS TO ALL LAWS AND EXISTING LEGAL RULES AND REGULATIONS,https://lissp2.davaocity.gov.ph/uploads/items/15217/Ordinance No. 0495-24 0% Tax.pdf
0320-23,"AN ORDINANCE PROVIDING FOR EARTHQUAKE DISASTER PREVENTION AND RESPONSE; AND INSTITUTIONALIZING THE DAVAO CITY EARTHQUAKE RESPONSE TASK FORCE, DEFINING ITS DUTIES, FUNCTIONS, AND OTHER PURPOSES",javascript:void(0)
0316-23,"REPEALING ORDIANANCE NO. 0307-20, SERIES OF 2020, AS AMENDED, ENTITLED ""AN ORDINANCE REQUIRING THE MANDATORY WEARING OF FACE MASKS AT ALL TIMES IN PUBLIC PLACES DURING THE COMMUNITY QUARANTINE AND/OR AFTER THE STATE OF PUBLIC HEALTH EMERGENCY IS LIFTED",https://lissp2.davaocity.gov.ph/uploads/items/15671/Ordinance No. 0316-23 Lifting Wear Face Mask.pdf
0280-23,"AN ORDINANCE FOR THE ESTABLISHMENT OF THE MALAGOS SLAUGHTERHOUSE WITH MEAT CUTTING AND COLD STORAGE FACILITIES AND THE MALAGOS HALAL SLAUGHTERHOUSE LOCATED AT PUROK 3A, BARANGAY MALAGOS, BAGUIO DISTRICT, THIS CITY",https://lissp2.davaocity.gov.ph/uploads/items/16045/Ordinance No. 0280-23 Malagos Slaughterhouse.pdf
0468-24,"ENACTING AN ORDINANCE AUTHORIZING DAVAO CITY HOUSING OFFICE (DCHO), FORMERLY KNOWN AS OFFICE OF THE CITY PLANNING AND DEVELOPMENT COORDINATOR-HOUSING AND HOMESITE DEVELOPMENT DIVISION (CPDO-HHDD) TO ISSUE CERTIFICATIONS FOR INDIVIDUALS ACQUIRING SOCIAL HOUSING RIGHTS VIA HEREDITARY SUCCESSION, ELIMINATING THE NEED TO SECURE AN SP RESOLUTIONS A REQUIREMENT BEFORE THE REGISTRY OF DEEDS TO AFFECT TRANSFER OF TITLE PURSUANT TO THE OMNIBUS LEGAL OPINION NO. 586,SERIES OF 2023, GUIDELINES ON TRANSACTIONS INVOLVING TRANSFER OF TITLE OF PROPERTY, CANCELLATION OF ENCUMBRANCE AND GRANT OF LEGISLATIVE AUTHORITY (SOCIALIZED HOUSING)",https://lissp2.davaocity.gov.ph/uploads/items/16352/Ordinance No. 0468-24 DCHO.pdf
0441-24,"AN ORDINANCE AUTHORIZING THE CITY MAYOR TO ENTER INTO AD SIGN, FOR AND  IN BEHALF OF THE CITY OF DAVAO, THE MEMORANDUM OF AGREEMENT (MOA) TO BE ENTERED INTO BY AND  BETWEEN THE CITY OF DAVAO AND THE COMMISSION ON FILIPINOS OVERSEAS RELATIVE TO THE PARTNERSHIP FOR THE PROJECT, ENTITLED 'BALINKBAYAN': OVERSEAS FILIPINOS ONE-STOP ONLINE PORTAL FOR DIASPORA ENGAGEMENT""","https://lissp2.davaocity.gov.ph/uploads/items/16553/Ordinance No. 0441-24 -MOA, CFO Balinkbayan.pdf"
0349-23,"AN ORDINANCE AMENDING CERTAIN SECTIONS OF ORDINANCE NO. 185-23, SERIES OF 2023, ENTITLED ""AN ORDINANCE UPDATING THE ORGANIZATIONAL STRUCTURE BY CONVERSION, AND CREATION OF DIVISIONS, SECTIONS, AND POSITIONS IN THE CITY PLANNING AND DEVELOPMENT OFFICE (CPDO)",https://lissp2.davaocity.gov.ph/uploads/items/16878/Ordinance No. 0349-23 Amendment CPDO.pdf
0429-24,"AN ORDINANCE ESTABLISHING THE SHELTER FOR THE IP WATCHERS AND RUNNERS OF PATIENTS FROM THE INDIGENOUS PEOPLES AND MUSLIMS BELONGING TO THE ELEVEN TRIBES OF DAVAO CITY, NAMELY: KLATA, ATA, MATIGSALUG, OBU-MANUVU,TAGABAWA, TAUSUG, IRANUN, KAGAN, SAMA, MARANAO, AND MAGUINDANAO (KAMOTT-IKASAMMA)",https://lissp2.davaocity.gov.ph/uploads/items/16880/Ordinance No. 0429-24 Shelter for IP Watchers and Runners.pdf
0623-24,AN ORDINANCE INSTITUTIONALIZING THE MORAL RECOVERY PROGRAM IN THE CITY OF DAVAO,https://lissp2.davaocity.gov.ph/uploads/items/17054/Ordinance No. 0623-24 Moral Recovery Program.pdf
0489-24,"AN ORDINANCE ENTITLED ""AN ORDINANCE ENHANCING EXISTING ORDINANCES RELATING TO LIQUOR AND SOBRIETY, REGULATING THE CONSUMPTION, DISTRIBUTION, SALE AND SUPPLY OF LIQUOR AND OTHER ALCOHOLIC BEVERAGES, REPEALING FOR THIS PURPOSE ORDINANCE NO. 0410-18, SERIES OF 2018, AND ORDINANCE NO. 004-13, SERIES OF 2013""",https://lissp2.davaocity.gov.ph/uploads/items/17055/Ordinance No. 0489-24 Comprehensive Liquor Code of DC.pdf
0521-24,"AN ORDINANCE GRANTING LEGISLATIVE AUTHORITY TO THE CITY MAYOR TO ENTER INTO AND SIGN, FOR AND IN BEHALF OF THE CITY OF DAVAO, THE RENEWAL OF THE PARTNERSHIP AGREEMENT WITH THE PHILIPPINE COMMISSION ON WOMEN FOR PCW-CERTIFIED LOCAL LEARNING HUB (LLH)",https://lissp2.davaocity.gov.ph/uploads/items/17912/Ordinance No. 0521-24 Partnership Agreement PCW.pdf
0472-24,"AN ORDINANCE AMENDING ORDINANCE NO. 0367-12, SERIES OF 2012, OTHERWISE KNOWN AS ""THE NEW COMPREHENSIVE ANTI-SMOKING ORDINANCE OF DAVAO CITY"", AS AMENDED BY ORDINANCE NO. 037-19, SERIES OF 2019, TO INCLUDE PROVISIONS PROTECTING VULNERABLE MINORS FROM SMOKING AND TOBACCO USE",https://lissp2.davaocity.gov.ph/uploads/items/18168/Ordinance No. 0472-24.pdf
0487-24,"AN ORDINANCE AUTHORIZING THE CITY MAYOR TO ENTER INTO AND SIGN, FOR AND IN BEHALF OF THE CITY OF DAVAO, THE MEMORANDUM OF AGREEMENT BY AND BETWEEN THE CITY OF DAVAO AND GUNSAN CITY, SOUTH KOREA, RELATIVE TO THE ESTABLISHMENT OF AGRICULTURAL EXCHANGE PROGRAM   

NOTE: RECONSIDERED IN THE MAY 21, 2024 REGULAR SESSION: FROM SISTERHOOD AGREEMENT TO MEMORANDUM OF AGREEMENT",https://lissp2.davaocity.gov.ph/uploads/items/18758/Ordinance No. 0487-24.pdf
0552-24,"AN ORDINANCE IMPLEMENTING THE ""DABAWENYO DCPLINADO PROGRAM"" AND INTEGRATING THE SAME IN THE DEPARTMENT OF EDUCATION (DepEd) CURRICULUM",https://lissp2.davaocity.gov.ph/uploads/items/18793/Ordinance No. 0552-24 Dabawenyo Dcplinado.pdf
0548-24,"AN ORDINANCE INSTITUTIONALIZING THE WATER-BREAK TIME IN THE PRIVATE AND PUBLIC SCHOOLS OFFERING DAY CARE, KINDERGARTEN AND ELEMENTARY CLASSES IN THE CITY OF DAVAO",https://lissp2.davaocity.gov.ph/uploads/items/18849/Ordinance No. 0548-24 Water-Break Time.pdf
0534-24,"AN ORDINANCE AUTHORIZING THE CITY MAYOR TO ENTER INTO AND SIGN, FOR AND IN BEHALF OF THE CITY OF DAVAO, THE SISTER CITY AGREEMENT BY AND BETWEEN THE CITY OF DAVAO, PHILIPPINES, AND THE CITY OF ILIGAN, PHILIPPINES",javascript:void(0)
0535-24,"AN ORDINANCE AUTHORIZING THE CITY MAYOR TO ENTER INTO AND SIGN, FOR AND IN BEHALF OF THE CITY OF DAVAO, THE SISTER CITY AGREEMENT BY AND BETWEEN THE CITY OF DAVAO, PHILIPPINES, AND THE MUNICIPALITY OF KALIBO, PROVINCE OF AKLAN, PHILIPPINES",https://lissp2.davaocity.gov.ph/uploads/items/19003/Ordinance No. 0535-24.pdf
0536-24,"AN ORDINANCE AUTHORIZING THE CITY MAYOR TO ENTER INTO AND SIGN, FOR AND IN BEHALF OF THE CITY OF DAVAO, THE SISTER CITY AGREEMENT BY AND BETWEEN THE CITY OF DAVAO, PHILIPPINES, AND THE CITY OF GENERAL SANTOS, PHILIPPINES",javascript:void(0)
0537-24,"AN ORDINANCE AUTHORIZING THE CITY MAYOR TO ENTER INTO AND SIGN, FOR AND IN BEHALF OF THE CITY OF DAVAO, THE SISTER CITY AGREEMENT BY AND BETWEEN THE CITY OF DAVAO, PHILIPPINES, AND THE CITY OF CAGAYAN DE ORO CITY, PHILIPPINES",javascript:void(0)
0626-24,"AN ORDINANCE GRANTING LEGISLATIVE AUTHORITY TO THE CITY MAYOR TO SIGN, FOR AND IN BEHALF OF THE CITY OF DAVAO, THE MEMORANDUM OF AGREEMENT (MOA) TO BE ENTERED INTO BY AND BETWEEN THE DEPARTMENT OF HEALTH (DOH) - DAVAO CENTER FOR HEALTH DEVELOPMENT - REGION XI AND THE CITY GOVERNMENT OF DAVAO, RELATIVE TO THE PAYMENT OF HEALTH EMERGENCY ALLOWANCE (HEA) TO PUBLIC HEALTH CARE WORKERS IN DAVAO CITY",https://lissp2.davaocity.gov.ph/uploads/items/19013/Ordinance No. 0626-24 MOA DOH-CHD HEA.pdf
0624-24,AN ORDINANCE INSTITUTIONALIZING THE DAVAO CITY JUSTICE ZONE TOWARDS COORDINATED JUSTICE SECTOR ACTIONS TO ENABLE ACCESS TO JUSTICE,https://lissp2.davaocity.gov.ph/uploads/items/19017/Ordinance No. 0624-24 Justice Zone.pdf
0522-24,"ENACTING AN ORDINANCE ESTABLISHING A TRAFFIC VIOLATION PROTEST ADJUDICATION COMMITTEE PROVIDING FOR ITS AUTHORITY, JURISDICTIION, AND SANCTIONS",javascript:void(0)
0533-24,"AN ORDINANCE AUTHORIZING THE CITY MAYOR TO ENTER INTO AND SIGN, FOR AND IN BEHALF OF THE CITY OF DAVAO, THE MEMORANDUM OF AGREEMENT TO BE EXECUTED BY AND BETWEEN THE CITY OF DAVAO AND THE DEPARTMENT OF HEALTH-DAVAO CENTER FOR HEALTH DEVELOPMENT RELATIVE TO THE MEDICAL ASSISTANCE TO INDIGENT AND FINANCIALLY INCAPACITATED PATIENT (MAIFIP) PROGRAM OF THE DEPARTMENT OF HEALTH WHICH WILL BE IMPLEMENTED IN MARILOG DISTRICT HOSPITAL, THIS CITY",https://lissp2.davaocity.gov.ph/uploads/items/19354/Ordinance No. 0533-24 -MOA DOH-CHD MAILFIP Program.pdf
0554-24,"AN ORDINANCE ADOPTING THE 2023 AND 2024 CITIZEN’S CHARTER OF THE CITY GOVERNMENT OF DAVAO

(Cross Reference Item  1578-24)",https://lissp2.davaocity.gov.ph/uploads/items/19573/Ordinance No. 0554-24 Adopting 2023 and 2024 Citizen's Charter.pdf
0617-24,"AN ORDINANCE AMENDING THE FUNCTIONAL CHART OF THE CITY SOCIAL WELFARE AND DEVELOPMENT OFFICE (CSWDO), SPECIFICALLY, SECTION 1 OF ORDINANCE NO. 2374-94, SERIES OF 1994",https://lissp2.davaocity.gov.ph/uploads/items/19650/Ordinance No. 0617-24 CSWDO Functional Chart.pdf
0574-24,ENACTING AN ORDINANCE APPROVING AND ADOPTING  THE DAVAO CITY DISASTER RISK REDUCTION AND MANAGEMENT PLAN (DRRMP) 2024-2026,https://lissp2.davaocity.gov.ph/uploads/items/19847/Ordinance No. 0574-24 Disaster Plan.pdf
000123-03,"An ordinance authorizing the City Treasurer`s Office to accept registration and to collect necessary fees from BMBE applicants and to correspondingly issue a Certificate of Authority (CA) to enable them to avail of the benefits under R.A. 9178 otherwise known as ""An Act To Promote the Establishment of Barangay Micro Business Enterprises (BMBEs), providing incentives and benefits therefore, and for other purposes""",https://lissp2.davaocity.gov.ph/uploads/items/20491/Ordinance No. 000123-03.pdf
000067-00,"Amending Ordinance No. 2597, series of 1995, exempting from its coverage cement mixers actually used in government construction projects in the City of Davao",https://lissp2.davaocity.gov.ph/uploads/items/25323/Ordinance No. 067-00.pdf
000066-00,"Amending Ordinance No. 568, series of 1992, otherwise known as the ""Anti-Pornographic Ordinance of the City of Davao""",https://lissp2.davaocity.gov.ph/uploads/items/25329/Ordinance No. 066-00.pdf
000069-00,"Requiring the putting up of signboards/billboards containing   the official business addresses of contractors, subcontractors and project managers in addition to the requisite information determined under PD 1096 otherwise known as the ""National Bldg. Code"" in all construction sites of privately-owned buildings and other constructions within the City of Davao",https://lissp2.davaocity.gov.ph/uploads/items/25332/Ordinance No. 069-00.pdf
000074-00,"Amending Ordinance No. 230, series of 1991 otherwise known as the Local Tax Code of Davao City, specifically Section 4 ""Administrative Provisions"" of Article 13 - Amusement Tax on Admission, by adding a new provision to be known as ""(a-1) - Filing of performance bonds, forfeiture thereof""",https://lissp2.davaocity.gov.ph/uploads/items/25375/Ordinance No. 074-00.pdf
000078-00,"Ordinance approving the ""Health and Sanitation Ordinance of the City of Davao""",https://lissp2.davaocity.gov.ph/uploads/items/25429/Ordinance No. 000078-00_Health and Sanitation Ordinance.pdf
000084-00,Defining the quasi-judicial powers of the Sangguniang Panlungsod and prescribing rules and procedures in the administration of complaints against elective barangay officials,https://lissp2.davaocity.gov.ph/uploads/items/25459/Ordinance No. 000084-00.pdf
000086-00,Enacting  the Red Tide Monitoring and Quarantine Ordinance of Davao City,https://lissp2.davaocity.gov.ph/uploads/items/25465/Ordinance No. 000086-00.pdf
000092-00,"Regulating the construction, repair, renovation, erection, installation and maintenance of outdoor advertising materials  and for related purposes, otherwise known as the ""SIGNAGE ORDINANCE OF DAVAO CITY""",https://lissp2.davaocity.gov.ph/uploads/items/25521/Ordinance No. 000092-00.pdf
000095-00,"Requiring all food establishments such as, but not limited to, restaurants, canteens, food outlets, hotels, caterers and hospitals as well as food manufacturers or processors to use only iodized salt",https://lissp2.davaocity.gov.ph/uploads/items/25579/Ordinance No. 000095-00.pdf
000099-00,Ordinance institutionalizing the City Human Rights Action Center and to prescribe rules and guidelines for the establishment and operationalization of Human Rights Action Centers in each and every barangay of Davao City,https://lissp2.davaocity.gov.ph/uploads/items/25605/Ordinance No. 000099-00.pdf
000106-00,Prescribing guidelines and regulations on the operation and services of Internet Cafes in Davao City and for other purposes,https://lissp2.davaocity.gov.ph/uploads/items/25646/Ordinance No. 000106-00.pdf
000108-00,Implementing a Public Utility Rerouting Scheme for the City of Davao and for other purposes,https://lissp2.davaocity.gov.ph/uploads/items/25656/Ordinance No. 000108-00.pdf
000113-01,"Ordinance amending further the Organizational Structure and Staffing Pattern of the City Government of Davao approved under Ordinance No. 2374, series of 1994, and for other purposes (Creaton of a Committee on Decorum and Investigation (CODI) in every office in public and private sectors for the purpose of investigating cases of sexual harassment and job discrimination)",https://lissp2.davaocity.gov.ph/uploads/items/25709/Ordinance No. 000113-01.pdf
000117-01,Providing for a Water Resource Management and Protection Code of Davao City and for other purposes,https://lissp2.davaocity.gov.ph/uploads/items/25726/Ordinance No. 000117-01.pdf
000130-01,"Providing guidelines for the establishment of a wholesale fish auction center or ""Fish Bagsakan"" in Davao City as well as its registration and licensing and for related purposes",https://lissp2.davaocity.gov.ph/uploads/items/25852/Ordinance No. 0130-01.pdf
000133-01,Mandating and regulating the creation of a Committee on Decorum and Investigation (CODI) in every office in both public and private sectors for the purpose of investigating cases of sexual harassment and job discrimination,https://lissp2.davaocity.gov.ph/uploads/items/25866/Ordinance No. 0133-01.pdf
000134-01,"Amending Section 1 of Ordinance No. 2597, series of 1995, entitled ""AN ordinance banning the entry of cargo/hauling trucks in certain streets of the city of Davao during specific hours of the day and for other purposes"" by enlarging the coverage of its prohibition",https://lissp2.davaocity.gov.ph/uploads/items/25869/Ordinance No. 0134-01.pdf
000137-01,"Granting amnesty to dog owners for failure to comply with the provisions of Article 27, Section 2 of Ordinance No. 008, series of 1998, otherwise known as the Local Tax Code of Davao City, as amended, and to waive the fees imposed in said provision thereafter for one (1) year",https://lissp2.davaocity.gov.ph/uploads/items/25881/Ordinance No. 0137-01.pdf
000006-01,"Amending Ordinance No. 153-A, series of 1990, otherwise known as the ""Parking Fee Ordinance of Davao City"" as amended by Ordinance No. 1767, series of 1990, Ordinance No. 301, series of 1991, Ordinance No. 687, series of 1992, Ordinance No. 1062, series of 1993",https://lissp2.davaocity.gov.ph/uploads/items/26087/Ordinance No. 000006-01.pdf
000016-01,"Amending Section 1 of Ordinance No. 2597, series of 1995, as amended by Ordinance  No. 134, series of 2001, otherwise known as ""An Ordinance Banning the Entry of Cargo/Hauling Trucks in Certain Streets of the City of Davao during specific hours of the day and for other purposes"", by exempting cargo/hauling trucks carrying fruits and vegetables which are perishable in nature",https://lissp2.davaocity.gov.ph/uploads/items/26148/Ordinance No. 016-01.pdf
000021-02,"Amending further Ordinance No. 2597, series of 1995 otherwise known as ""An ordinance banning the entry and exit of cargo/hauling trucks in certain streets of the City of Davao  during specific hours of the day and for other purposes"" as amended by Ordinance No. 0134-01, series of 2001",https://lissp2.davaocity.gov.ph/uploads/items/26303/Ordinance No. 021-02.pdf
000041-02,"Promulgating policies and measures for the prevention and control of STI, HIV/AIDS in Davao City, strenghtening the Davao City Aids Council and providing penalties for violations thereof and for other purposes",https://lissp2.davaocity.gov.ph/uploads/items/26408/Ordinance No. 041-02.pdf
000042-02,Amending and Modifying theTruck Ban Ordinances of Davao City,https://lissp2.davaocity.gov.ph/uploads/items/26415/Ordinance No. 0000042-02.pdf
000043-02,Approving the Comprehensive Anti-Smoking Ordinance of Davao City,https://lissp2.davaocity.gov.ph/uploads/items/26416/Ordinance No. 000043-02.pdf
000044-02,Creating and constituting an Ad Hoc City Ecological Solid Waste Management Board,https://lissp2.davaocity.gov.ph/uploads/items/26417/Ordinance No. 000044-02.pdf
000060-02,"Prohibiting the manufacture, sale, distribution, possession or use of firecrackers or pyrotechnic devices and such other similar devices and the exploding of firecrackers or other similar explosives within the territorial jurisdiction of Davao City",https://lissp2.davaocity.gov.ph/uploads/items/26555/Ordinance No. 000060-02.pdf
000064-02,"Prohibiting retailers, wholesalers, grocery stores, convenience stores and other businesses from selling or allowing to be sold to minors in their respective stores and establishments cigarettes and other tobacco products, beer, liquor and other intoxicating beverages and prohibiting minors aged 17 and below from buying, ordering, serving, selling or drinking beer, liquor, coconut wines and other intoxicating beverages, as well as buying, ordering or smoking cigarettes & other tobacco products, etc.",https://lissp2.davaocity.gov.ph/uploads/items/26574/Ordinance No. 000064-02.pdf
000084-03,"Amending Ordinance No. 5003, series of 1997, otherwise known as the ""Cockfighting Code of Davao City "" as amended by Ordinance No. 054, series of 1999, particularly Item No. 4, Section 9 on Cockpit and Cockfighting Fees and Charges and Section 3, paragraphs (h) and (i) thereof",https://lissp2.davaocity.gov.ph/uploads/items/26687/Ordinance No. 084-03.pdf
000102-03,"Amending further Ordinance No. 230, series of 1991, otherwise known as the Local Tax Code of Davao City, as amended, specifically the requirements for tourism-oriented and tourism-related businesses, trade and occupation and one-time registration of first-time tourism-oriented and tourism-related businesses, trade and occupation, and for other purposes",https://lissp2.davaocity.gov.ph/uploads/items/26757/Ordinance No. 000102-03.pdf
000111-03,"Revising Article 12 of Ordinance No. 230, series of 1991, otherwise known as the ""Local Tax Code of Davao City"" specifically on Professional Tax",https://lissp2.davaocity.gov.ph/uploads/items/26795/Ordinance No. 000111-03.pdf
000121-03,"Creating the Barangay Tourism, Arts and Culture Council, and defining its powers and functions and for other purposes",https://lissp2.davaocity.gov.ph/uploads/items/26838/Ordinance No. 000121-03.pdf
000132-03,Amending the Women Development Code and Creating the Integrated Gender and Development Division under the City Mayor`s Office with eight (8) plantilla positions under it,https://lissp2.davaocity.gov.ph/uploads/items/26970/Ordinance No. 000132-03.pdf
000148-03,Authorizing the privatization of the operation of the Ma-a Slaughterhouse and all other city-run slaughterhouses,https://lissp2.davaocity.gov.ph/uploads/items/27013/Ordinance No. 000148-03.pdf
000153-03,Ratifying the fees prescribed under Republic Act No. 9048 on filing and service fees for Petitions to correct clerical or typographical errors and change of first names or nicknames in Birth Certificates and all other Civil Registry documents,https://lissp2.davaocity.gov.ph/uploads/items/27098/Ordinance No. 000153-03.pdf
000154-03,"Amending Ordinance No. 042-02, series of 2002, otherwise known as the ""Comprehensive Truck Ban Ordinance of Ordinance of Davao City"" particularly Section 2 - Area of Coverage",https://lissp2.davaocity.gov.ph/uploads/items/27100/Ordinance No. 0154-03.pdf
000170-03,"Amending Ordinance No. 110, series of 1970, Prescribing the song ""Tayo Ay Dabawenyo"" as the official song of Davao City",https://lissp2.davaocity.gov.ph/uploads/items/27165/Ordinance No. 000170-03.pdf
000178-03,"Declaring Ramon Magsaysay Avenue (formerly Uyanguren Street), Leon Garcia Street,  Monteverde Avenue, Sta. Ana Avenue and the whole area bounded by these streets as the China Town of Davao City",https://lissp2.davaocity.gov.ph/uploads/items/27222/Ordinance No. 000178-03.pdf
000179-03,"Creating and constituting the Davao City China Town Development Council, defining its powers and functions and for other purposes",https://lissp2.davaocity.gov.ph/uploads/items/27223/Ordinance No. 000179-03.pdf
000192-04,Requiring all business establishments with fixed places of business operations or addresses to register and secure a business registration and identification plates and yearly validation stickers,https://lissp2.davaocity.gov.ph/uploads/items/28228/Ordinance No. 000192-04.pdf
000194-04,Ordinance Creating the Davao City Culture and Arts Council,https://lissp2.davaocity.gov.ph/uploads/items/28390/Ordinance No. 000194-04.pdf
004603-97A,"An Ordinance amending Article 3, Article 13, Rule IV, and Article 20, Rule V of Ordinance No. 2269, series of 1994, otherwise known as the Rules and Regulations implementing the Davao City Investment Code of 1994, to include the establishment of Branches of Foreign Banks, Telecommunications, Environmental Protection & Enhancement Projects; and the establishment of Medical, Educational, Training & Sports Facilities as additional preferred investment areas; and the new registration fees",https://lissp2.davaocity.gov.ph/uploads/items/28399/Ordinance No. 04603-97A.pdf
004603-97,"An ordinance amending section 2, chapter 1 and section 13,  chapter V, of Ordinance No. 2017, series of 1994, otherwise known as the Davao City Investment Code of 1994, and for other purposes",https://lissp2.davaocity.gov.ph/uploads/items/28402/Ordinance No. 04603-97.pdf
000195-04,"Amending Ordinance No. 108, series of 2000, otherwise known as the ""Public Utility Rerouting Scheme for the City of Davao""",https://lissp2.davaocity.gov.ph/uploads/items/28428/Ordinance No. 000195-04.pdf
005118-97,"Authorizing the Hon. City Mayor, to engage and contract for the services of a private sector management  organization and financial advisor for the Davao Economic Zonees",https://lissp2.davaocity.gov.ph/uploads/items/28640/Ordinance No. 05118-97.pdf
005003-97,"An ordinance promulgating the rules/regulations and providing for the fees in the licensing, construction, establishment, operation and maintenance of cockpits and cockfighting in the City of Davao and prescribing the penalties for the violations (COCKFIGHTING CODE OF DAVAO CITY)",https://lissp2.davaocity.gov.ph/uploads/items/29642/Ordinance No. 005003-97_12875-5003-97.pdf
005004-97,An ordinance providing for a WOMEN`S DEVELOPMENT CODE OF DAVAO CITY and for other purposes,https://lissp2.davaocity.gov.ph/uploads/items/29872/Ordinance No. 005004-97_12878-5004-97.pdf
003996-96,Ordinance approving the Comprehensive Development Plan of the City of Davao for CY 1996-2021,https://lissp2.davaocity.gov.ph/uploads/items/30387/Ordinance No. 003996-96_10105-3996-96 (1).pdf
004121-96,An Ordinance constituting and prescibing a color for school vehicles for the protection and sefety of the riding children.,https://lissp2.davaocity.gov.ph/uploads/items/30809/Ordinance No. 004121-96_10419-4121-96.pdf
000227-04,"Prescribing guidelines and regulations on the operation and services of Internet Cafe in Davao City and for other purposes, as amended",https://lissp2.davaocity.gov.ph/uploads/items/30850/Ordinance No. 000227-04.pdf
004122-96,Approving the REAL PROPERTY TAX CODE OF DAVAO CITY,https://lissp2.davaocity.gov.ph/uploads/items/30905/Ordinance No. 004122-96_10428-4122-96.pdf
000229-04,"Amending Ordinance No. 0209-04-A, series of 2004, by extending the Catitipan via Dacudao Route from Bangoy Street to Lizada Street",https://lissp2.davaocity.gov.ph/uploads/items/31041/Ordinance No. 000229-04.pdf
004042-96,"An Ordinance revising the Zoning Regulations for the City of Davao and providing for the administration, enforcement and amendment thereof and for the repeal of all ordinances in conflict therewith",https://lissp2.davaocity.gov.ph/uploads/items/31289/Ordinance No. 004042-96_10254-4042-96.pdf
002491-94,"Ordinance approving the "" DAVAO CITY CHILDREN`S WELFARE CODE """,https://lissp2.davaocity.gov.ph/uploads/items/34247/Ordinance No. 002491-94_7725-2491-94.pdf
002269-94A,"Ordinance approving the Rules and Regulations Implementing the Davao City Investment Incentive Code of 1994, and for other purposes",https://lissp2.davaocity.gov.ph/uploads/items/35162/Ordinance No. 2269-A.pdf
002374-94,Approving the Organizational Structure and Staffing Pattern of the City Government of Davao,https://lissp2.davaocity.gov.ph/uploads/items/35200/Ordinance No. 02374-94.pdf
001692-94,"Ordinance Creating the City Franchising and Regulatory Board, prescribing its functions and procedures for franchising and regulating the operation of Motorized-Tricycles for Hire and the collection of fees and charges therefor, otherwise known as the ""DAVAO CITY MOTORCYCLE-FOR-HIRE FRANCHISING AND REGULATORY ORDINANCE OF 1993""",https://lissp2.davaocity.gov.ph/uploads/items/35256/Ordinance No. 001692-94_6068-1692-94.pdf
001650-94,AN ORDINANCE REGULATING THE OPERATION OF SMALL SCALE FISHING AND COMMERCIAL FISHING WITHIN THE TERRITORIAL JURISDICTION OF DAVAO CITY WATERS AND FOR OTHER PURPOSES,https://lissp2.davaocity.gov.ph/uploads/items/36634/Ordinance No. 001650-94_5957-1650-94.pdf
001627-94,"AN ORDINANCE REGULATING THE OPERATION OF BUSINESS ESTABLISHMENTS SELLING LIQUORS, COCONUT WINE AND OTHER NATURE WINE AND ALCOHOLIC BEVERAGES IN THE CITY OF DAVAO",https://lissp2.davaocity.gov.ph/uploads/items/37094/Ordinance No. 001627-94_5869-1627-94.pdf
001329-93,"Ordinance penalyzing recruiters, pimps, funhouse operators and customers who victimize women to commit a life of prostitution and other lewd activities",https://lissp2.davaocity.gov.ph/uploads/items/38295/Ordinance No. 001329-93_4888-1329-93.pdf
000088-05,"Ordinance Requiring all Recruiters and/ or Recruitment Agencies not based in the City of Davao to secure a Special Mayor’s Permit to conduct recruitment, and for related purposes",https://lissp2.davaocity.gov.ph/uploads/items/39102/Ordinance No. 000088-05.pdf
000836-93,An Ordinance adopting the established fees for the processing fees and other charges for subdivision applicants imposed by the Housing and Land Use Regulatory Board (HLURB) in consonance with the provisions of PD No. 957 and BP No. 220 and for other purposes,https://lissp2.davaocity.gov.ph/uploads/items/39598/Ordinance No. 000836-93_3620-836-93.pdf
000835-93,"An Ordinance adopting the pertinent provisions RA 7160, otherwise known as The Local Government Code o f 1991, relative to the transfer of Jurisdiction over approval of subdivision applications and all related items covered under the said provision to the Local Government of Davao City.",https://lissp2.davaocity.gov.ph/uploads/items/39600/Ordinance No. 000835-93_3619-835-93.pdf
000026-04,"Ordinance directing the City Treasurer to compute, assess, demand and collect from the Davao City Water District (DCWD) and all other national government agencies including government-owned and controlled corporations (GOCCs) operating within Davao City, franchise tax and real estate tax due to the City Government of Davao in accordance with R. A. 7160, otherwise known as the Local Government Code of 1991",https://lissp2.davaocity.gov.ph/uploads/items/40181/Ordinance No. 000026-04.pdf
000024-04,Ordinance implementing a Single Registration Form and a One-Stop Shop Center Procedure for the whole year in the registration of business permits,https://lissp2.davaocity.gov.ph/uploads/items/40247/Ordinance No. 000024-04.pdf
000025-04,"Ordinance authorizing the City Mayor`s Office to implement a scheme to collect payment of necessary business permit fees for Short-Term or Seasonal Businesses prior to inspection, otherwise known as ""Pay-Now Inspect-Later"" Policy subject to existing rules and regulations",https://lissp2.davaocity.gov.ph/uploads/items/40253/Ordinance No. 000025-04.pdf
000032-04,"Ordinance directing the City Treasurer to collect the City Government`s share in the proceeds from the development and utilization of the National Wealth in accordance with Sections 289, 290, 291 and 292 of RA 7160, otherwise known as the Local Government Code of 1991",https://lissp2.davaocity.gov.ph/uploads/items/40305/Ordinance No. 000032-04.pdf
000655-92,"An Ordinance creating and establishing the Management Board of Tomas Monteverde, Sr. Sports Complex of Davao City, defining its functions and responsibilities, and for other purposes",https://lissp2.davaocity.gov.ph/uploads/items/40535/Ordinance No. 000655-92_3094-655-92.pdf
000102-05,"Ordinance Regulating the Purchase,  Sale, Trade-in, Pawning, Repair, Servicing and Maintenance of either Brand-New, Used, Pre-owned and Reconditioned Mobile Phone Units  in  Davao  City and for Other Purposes",https://lissp2.davaocity.gov.ph/uploads/items/40942/Ordinance No. 000102-05.pdf
000518-92,"An Ordinance  amending Ordinance No. 132, Series of 1989 otherwise known as an Ordinance regulating the establishment, classification, administration and operation of government owned/operated public markets in the City of Davao, ""otherwise known as the Market Code of Davao City"", embodied under Ordinance No. 230, otherwise known as the Revised Local Tax Ordinances of Davao City.",https://lissp2.davaocity.gov.ph/uploads/items/41619/Ordinance No. 0518-92.pdf
000593-92A,"An Ordinance approving and adopting the assessment levels as provided for in Section 218, of RA 7160, otherwise known as the Local Government Code of 1991",https://lissp2.davaocity.gov.ph/uploads/items/42206/Ordinance No. 0593-92A.pdf
000592-92,"AN ORDINANCE APPROVING THE SCHEDULE OF FAIR MARKET VALUE FOR THE 1993 GENERAL REVISIONS, TO TAKE EFFECT ON JANUARY 1, 1993",https://lissp2.davaocity.gov.ph/uploads/items/42210/Ordinance No. 000592-92_2927-592-92.pdf
000568-92,"An Ordinance prohibiting the selling of immoral doctrines, obscene publications and exhibitions and the showing of indecent shows and pornographic films and such other films disapproved for public exhibitions and regulating admission to movie house, this Ord. shall be known as the ""Anti-Pornographic"" Ord. of the City of Davao",https://lissp2.davaocity.gov.ph/uploads/items/42500/Ordinance No. 000568-92_2870-568-92.pdf
000094-91,"An Ordinance amending Ordinance No. 132, Series of 1989, otherwise known as ""MARKET CODE OF DAVAO CITY"".",https://lissp2.davaocity.gov.ph/uploads/items/44732/Ordinance No. 094-91.pdf
000212-91,"Banning the distribution of Bandera Magazine and other papers, magazines and all printed materials displaying obscene pictures in the City of Davao",https://lissp2.davaocity.gov.ph/uploads/items/45106/Ordinance No. 000212-91_1193-212-91.pdf
000009-91,"Ordinance prohibiting the establishment of funeral parlors/memorial homes within the radius of two hundred (200) meters from residential areas, commercial buildings, hotels, motels, sports complex, parks and playgrounds, tourist centers, institutional buildings including cockpits within the City of Davao",https://lissp2.davaocity.gov.ph/uploads/items/45141/Ordinance No. 000009-91_101-9-91.pdf
000069-05,"Ordinance Requiring schools in all levels, both private and public, to post their government recognition, TESDA Program registration permits, accreditation certificates and such other equivalent documents and their corresponding accredited programs and courses in the Registrar`s Office and conspicuous places within the school campus",https://lissp2.davaocity.gov.ph/uploads/items/46328/Ordinance No. 000069-05.pdf
000052-90,"An Ordinance Legalizing the Operation of Pedicabs (Pedal-Operated Tricycles) otherwise known as ""Trisikads"" within the City of Davao, and providing penalty for violation thereof",https://lissp2.davaocity.gov.ph/uploads/items/46558/Ordinance No. 052-90.pdf
002017-94,"Enacting the ""DAVAO CITY INVESTMENT INCENTIVE CODE OF 1994""",https://lissp2.davaocity.gov.ph/uploads/items/47330/Ordinance No. 002017-94_6652-2017-94.pdf
000153-90A,Imposing parking fees on all vehicle owners/drivers for using certain streets in Davao City as parking spaces and for other purposes,https://lissp2.davaocity.gov.ph/uploads/items/47707/Ordinance No. 0153-90A.pdf
000051-89,"An Ordinance shall be known as ""An Ordinance Regulating the Operation of Video Game Machines for Commercial Purposes in the City of Davao.",https://lissp2.davaocity.gov.ph/uploads/items/48329/Ordinance No. 000051-89_333-51-89.pdf
000130-89,An Ordinance prohibiting the pasting of any kind of propaganda materials in city streets and in any public place in the City of Davao.,https://lissp2.davaocity.gov.ph/uploads/items/49215/Ordinance No. 000130-89_969-130-89.pdf
000143-05,"AN ORDINANCE PROHIBITING THE USE OF CELLULAR PHONES, HAND-HELD RADIOS, PERSONAL DIGITAL ASSISTANT (PDA) AND OTHER SIMILAR ELECTRONIC DEVICES WHILE DRIVING",https://lissp2.davaocity.gov.ph/uploads/items/49282/Ordinance No. 0143-05.pdf
000116-88,"Regulating Fishing and/or Fisheries in the City of Davao  otherwise known as the ""BASIC FISHERY ORDINANCE OF DAVAO CITY""",https://lissp2.davaocity.gov.ph/uploads/items/49461/Ordinance No. 000116-88_1068-116-88.pdf
000132-89,"An Ordinance regulating the establishment, classification, administration and operation of government owned/operated public markets in the City of Davao, otherwise known as the ""Market Code of Davao City"".",https://lissp2.davaocity.gov.ph/uploads/items/49470/Ordinance No. 000132-89_989-132-89.pdf
000050-87,"An Ordinance prohibiting the showing of pornographic films and such other films disapproved for public exhibition and regulating admission to moviehouses, this ordinance shall be known as the ""Anti-Pornography"" ordinance of the City of Davao.",https://lissp2.davaocity.gov.ph/uploads/items/50710/Ordinance No. 050-87.pdf
000105-86,"Amending Section 4 of Ordinance No. 98, Series of 1956, the same to read as follows: ""Sec. 4.- Violations of this Ord. shall be penalized by a fine of P50.00 for the first offense and a fine of not less than P100.00 for each succeding offenses, but not more than P200.00, at the discretion of the court""",https://lissp2.davaocity.gov.ph/uploads/items/51022/Ordinance No. 0105-86.pdf
000014-87,"Adopting the Proposed Legislative Districts of the City of Davao and the Map designating the boundaries thereon as submitted by the Commission on Elections, Davao City and approved by COMELEC, Manila, for purposes of the May 11, 1987 Congressional elections",https://lissp2.davaocity.gov.ph/uploads/items/51292/Ordinance No. 014-87.pdf
000121-86,"An Ordinance Amending Ordinance No. 778, series of 1973, the yellow boxes painted on City Streets and National Highways in the City of Davao, designed by the Davao City Urban Transport Cum Land Use Study (DACUTLUS), are hereby designated as Loading and Unloading areas for public utility vehicles",https://lissp2.davaocity.gov.ph/uploads/items/51340/Ordinance No. 0121-86.pdf
000110-86,"Amending Ordinance No. 63, series of 1985, is hereby to read as follows: ""An Ordinance establishing guidelines, standards, rules and regulations for the management and operation and establishment of the Davao City Overland Transport Terminal at New Matina, City of Davao, declared and authorized under Resolution No. 7, and Ordinance No. 1, Series of 1984, enacted on February 16, 1984""",https://lissp2.davaocity.gov.ph/uploads/items/51601/Ordinance No. 0110-86.pdf
000115-86,"Requiring persons and/or business establishements such as restaurants, carenderias, food stalls and other related outlets serving barbecued meat such as pork, beef, fish or any food preparation needing the use of bamboo sticks or skewers to remove the pointed sticks completely or cut their sharp ends before serving to customers, and providing penalties for violations thereof",https://lissp2.davaocity.gov.ph/uploads/items/51757/Ordinance No. 0115-86.pdf
000173-05,"An Ordinance to enhance consumer protection and prevent the spread of paralytic shellfish poisoning or ""Red Tide"" through the accreditation  of bonafide traders/distributors, providing guidelines for its implementation and penalties for violation thereof",https://lissp2.davaocity.gov.ph/uploads/items/51923/Ordinance No. 0173-05.pdf
000031-84,"An Ordinance establishing guidelines, standards, rules and regulations for the operation and establishment of an interim bus terminal at the bus terminal site at New Matina, City of Davao, declared and authorized under Resolution No. 7 and Ordinance No. 1 , series of 1984, enacted on Feb. 16, 1984",https://lissp2.davaocity.gov.ph/uploads/items/52199/Ordinance No. 031-84.pdf
000001-84,"An Ordinance defining and segregating a portion of 1.7 hectares of land within the Commercial 2 (C-2) District of the SIR Project site at New Matina, City of Davao, and declaring said area as bus terminal for the City of Davao.",https://lissp2.davaocity.gov.ph/uploads/items/52352/Ordinance No. 001-84.pdf
000363-82,"An Ordinance adopting a comprehensive zoning regulations for the City of Davao and providing for the administration, enforcement and amendment thereof and for the repeal of all ordinances in conflict therewith",https://lissp2.davaocity.gov.ph/uploads/items/53864/Ordinance No. 0363-82.pdf
000910-79,"An ordinance prohibiting any person from urinating and/or defecating within the public view in any street, alley, highway and any place within the vicinity of any public building  in Davao City and providing penalties  in case of violation thereof.",https://lissp2.davaocity.gov.ph/uploads/items/55327/Ordinance No. 0910-79.pdf
000738-78,An Ordinance requiring all motorcycle owners within the Teritorial Jurisdiction of Davao City to install silencers to minimize the noise while the motorcycle is in operation or in motion.,https://lissp2.davaocity.gov.ph/uploads/items/56313/Ordinance no. 000738-78.pdf
000737-78,An Ordinance requiring all motocycle drivers and riders plying along city streets and national highways within the territorial jurisdiction of Davao City to wear crash helmets of any kind while operating said motorcycle and providing penalty for violation thereof.,https://lissp2.davaocity.gov.ph/uploads/items/56320/Ordinance no. 000737-78.pdf
001710-75A,An Ordinance banning and/or prohibiting the operation of Juke Boxes within City Public Markets in the City of Davao and providing penalty therefor.,https://lissp2.davaocity.gov.ph/uploads/items/57337/Ordinance No. 001710-75A.pdf
000158-05,"Ordinance Approving the 2005 Revenue Code of the City of Davao, as amended",https://lissp2.davaocity.gov.ph/uploads/items/57465/Ordinance No. 0158-05.pdf
000998-74,"An Ordinance regulating the establishment, maintenance and operation of billiard and pool halls and bowling alleys in the City of Davao",https://lissp2.davaocity.gov.ph/uploads/items/57931/Ordinance No. 000998-74.pdf
000999-74,"An ordinance prohibiting the construction of houses and/or buildings within the 50 meters distance from the highest tide level along the seashore of the Talomo Beach, Davao City",https://lissp2.davaocity.gov.ph/uploads/items/57932/Ordinance No. 000999-74.pdf
000008-98,"An Ordinance Amending Certain Provisions of Ordinance No. 230, series of 1991, as amended, otherwise known as the Tax Code of Davao City, further incorporating therein new provisions thereof",javascript:void(0)
000002-99,Ordinance Enacting the Davao City Drug Test Ordinance of 1998,https://lissp2.davaocity.gov.ph/uploads/items/57966/Ordinance no. 02-99.pdf
000035-99,"Ordinance Amending Ordinance No. 2017, series of 1994, as amended by Ordinance No. 4603, series of 1997, otherwise known as the Davao City Investment Incentive Code, as amended, and for related purposes",https://lissp2.davaocity.gov.ph/uploads/items/58068/Ordinance No. 035-99.pdf
000036-99,"Amending Ordinance No. 2269-A, series of 1994, as amended by Ordinance No. 4603-A, series of 1997, otherwise known as the Rules and Regulations Implementing the Davao City Investment Incentive Code, as amended, and for related purposes",https://lissp2.davaocity.gov.ph/uploads/items/58070/Ordinance No. 036-99.pdf
000038-99,"Ordinance creating the City Cooperative Development Office (CCDO), appropriating funds therefor, and for other purposes",https://lissp2.davaocity.gov.ph/uploads/items/58107/Ordinance no. 038-99.pdf
000040-99,"Ordinance Amending Ordinance No. 37, series of 1956, otherwise known as ""An Ordinance Regulating the Establishment, Maintenance and Operation of Bars in the City of Davao""",https://lissp2.davaocity.gov.ph/uploads/items/58119/Ordinance no. 040-99.pdf
000042-99,Ordinance Establishing footbaths and quarantine stations in all passenger terminals and major points of entry within the City of Davao,https://lissp2.davaocity.gov.ph/uploads/items/58124/Ordinance No. 042-99.pdf
000043-99,"Amending Section 48-A of Ordinance No. 230, series of 1991, otherwise known as the Local Tax Code, as amended by Ordinance No. 895, series of 1993, prohibiting the selling, buying or bringing for business, commerce or consumption within the territorial jurisdiction of Davao City, unprocessed and semi-processed carcasses or meat by-products of animals and fowls slaughtered in places other than the city-operated slaughterhouses, or those authorized by the City Government and which have not undergone any heating process",https://lissp2.davaocity.gov.ph/uploads/items/58127/Ordinance No. 043-99.pdf
000045-99,Ordinance Monitoring and Controlling the Slaughter of Carabaos,https://lissp2.davaocity.gov.ph/uploads/items/58140/Ordinance No. 045-99.pdf
000054-99,"Amending certain provisions of Ordinance No. 5003, series of 1997, otherwise known as the ""Cockfighting Code of Davao City"" specifically on the definition of Special Permit",https://lissp2.davaocity.gov.ph/uploads/items/58162/Ordinance No. 054-99.pdf
000057-99,"Ordinance requiring the compulsory attachment of authenticated/true copies of birth certificates of all employees and/or workers be they permanent, temporary, provisional, seasonal, regular and contractual, etc. employed as entertainers, guest relation officers (GROs), hospitality workers/dancers, dance instructors (DIs), club waiters and waitresses and workers in the commercial entertainment industry to the business permits of employing establishments in order to further protect the rights of children from abuse, exploitation and for other purposes",https://lissp2.davaocity.gov.ph/uploads/items/58172/Ordinance No. 057-99.pdf
000062-99,Ordinance Creating Personal and Confidential Staff Plantilla Positions for the Members of the Sangguniang Panlungsod,https://lissp2.davaocity.gov.ph/uploads/items/58191/Ordinance No. 062-99.pdf
000064-99,"Amending Section 1(A) of Ordinance No. 2374, series of 1994, otherwise known as ""An Ordinance Approving the Organizational Structure and Staffing Pattern of the City Government of Davao and for other Purposes""",https://lissp2.davaocity.gov.ph/uploads/items/58197/Ordinance No. 064-99.pdf
000189-06,"Ordinance further amending Ordinance No. 737, series of 1978, by requiring drivers and riders of single motorcycles plying along the city streets and national highways within the territorial jurisdiction of Davao City to wear crash helmets while operating or riding on said motorcycles, limiting the number of back riders or riders thereof to only one (1) person; strictly prohibiting the use of single motorcycles as public transport units or conveyances, and imposing penalties for violations thereof",https://lissp2.davaocity.gov.ph/uploads/items/59173/Ordinance No. 0189-06.pdf
000199-06,"Ordinance Entitled ""The Anti-Cable Antennae Television (CATV) and Cable Internet Service Provider (ISP) Signal and Equipment Pilferage Ordinance of Davao City""",https://lissp2.davaocity.gov.ph/uploads/items/60478/Ordinance No. 0199-06.pdf
000110-70,"Prescribing the song ""Tayo ay Dabawenyo"" music by Mr. C.B. Anajao of the Sta. Ana Central Elem. School, this City, and lyrics by Pedro O. Sanvicente, Superintendent of City Schools, and the official song of the City of Davao",https://lissp2.davaocity.gov.ph/uploads/items/64146/Ordinance No. 000110-70.pdf
000778-73,"An Ordinance amending and revising Ord. No. 9, s. of 1948, OTHERWISE KNOWN AS THE TRAFFIC ORDINANCE OF THE CITY OF DAVAO,TO BE DESIGNATED AS THE REVISED TRAFFIC ORDINANCE OF THE CITY OF DAVAO",https://lissp2.davaocity.gov.ph/uploads/items/65516/Ordinance No. 000778-73.pdf
000707-73,"An Ordinance creating the Davao City Water District pursuant to the provision of Presidential Decree No. 198, otherwis eknown as the ""Provincial Utilities Act of 1973"" and providing for the government and administration of such District and for other purposes",https://lissp2.davaocity.gov.ph/uploads/items/66159/Ordinance No. 000707-73.pdf
000535-70,"AN ORDINANCE PROVIDING FOR THE ESTABLISHMENT AND MAINTENANCE OF A PUBLIC POUND FOR MOTOR VEHICLES, AUTHORIZING THE IMPOUNDING OF MOTOR VEHICLES UNDER CERETAIN DEFINED CIRCUMSTANCES AND AUTHORIZING THE COLLECTION OF IMPOUNDING FEES THEREFOR AND FOR OTHER PURPOSEs; This ordinance shall be known  as the ""Motor Vehicle Impounding Ordinance of the City of Davao.",https://lissp2.davaocity.gov.ph/uploads/items/66170/Ordinance No. 000535-70.pdf
000447-70,"Garbage disposal and collection Ordinance of the City of Davao, and prescribing rates of payment thereof",https://lissp2.davaocity.gov.ph/uploads/items/68136/Ordinance No. 000447-70.pdf
000109-67,"Prescribing rules and regulations in the sale, disposal and/or acquisition of lots and in the construction of niches and gravemarkers and/or tombstone at the Davao City Public Cemetery, Ma-a, this City.",https://lissp2.davaocity.gov.ph/uploads/items/68582/Ordinance No. 000109-67.pdf
000217-64,"Prohibiting persons from smoking while inside movie houses and/or theaters in the City of Davao, while seeing the movie",https://lissp2.davaocity.gov.ph/uploads/items/71375/Ordinance No. 000217-64.pdf
000271-64,"An ordinance prohibiting the construction of any building and/or drilling of wells within a radius of twenty-five (25)  meters from the perimeter of the new cemetery at Bugac, Ma-a, City of Davao",https://lissp2.davaocity.gov.ph/uploads/items/71586/Ordinance No. 000271-64.pdf
000137-61,"An ordinance declaring June 29th of every year, a Special Public Holiday in the City of Davao, this day being its town fiesta",https://lissp2.davaocity.gov.ph/uploads/items/73316/Ordinance No. 000137-61.pdf
000123-60,"An Ordinance to revise, amend and compile all existing ordinances on Municipal license fees, taxes and to  introduce new rates of fees and licenses on other sources of Revenue in the City of Davao (See Ordinance for listings)",https://lissp2.davaocity.gov.ph/uploads/items/75096/Ordinance No. 000123-60.pdf
000156-60,"An Ordinance to ban and/or prohibit the use, playing, operation and maintenance of pinball and other similar devices"".",https://lissp2.davaocity.gov.ph/uploads/items/75139/Ordinance No. 000156-60.pdf
000098-56,"Ordinance Penalizing acts of littering, scattering or any careless disposal of waste materials, refuse and other insanitary things in streets, parks, public buildings and other public places in the City of Davao",https://lissp2.davaocity.gov.ph/uploads/items/75588/Ordinance No. 000098-56.pdf
000037-56,"An Ordinance regulating the establishment, maintenance and operation of bars in the City of Davao.",https://lissp2.davaocity.gov.ph/uploads/items/76661/Ordinance No. 000037-56.pdf
000253-06,"AN ORDINANCE AMENDING THE PROVISION OF SECTION 69, PARAGRAPH (D) OF DAVAO CITY ORDINANCE NO. 158-05, SERIES OF 2005 OTHERWISE KNOWN AS THE  “THE 2005 REVENUE CODE OF THE CITY OF DAVAO”",https://lissp2.davaocity.gov.ph/uploads/items/76753/Ordinance No. 0253-06.pdf
000044-56,An Ordinance regulating the use of Municipal waters or other city property not otherwise needed for public use which may be used for log pond or for storage of logs and imposing a muniicipal license fee for the use thereof.,https://lissp2.davaocity.gov.ph/uploads/items/76773/Ordinance No. 000044-56.pdf
000381-82,"An Ordinance regulating the public showing of movie film, tapes or betamax films in public establishments in the City of Davao.",https://lissp2.davaocity.gov.ph/uploads/items/76883/Ordinance No. 0381-82.pdf
000332-68,"An Ordinance  Prohibitng the Defacing, Scribbling and/or Writing on the walls of public and private buildings and/or fences exposed to the public view, and providing penalties for the violation thereof",https://lissp2.davaocity.gov.ph/uploads/items/76967/Ordinance No. 0332-68.pdf
000166-81,"AN ORDINANCE REGULATING THE SALE OF LPG IN DAVAO CITY, AND FOR OTHER PURPOSES.",https://lissp2.davaocity.gov.ph/uploads/items/77041/Ordinance No. 0166-81.pdf
000266-06,"An Ordinance  Establihing the  Museo Dabawenyo, providing for its permanent home and for other purposes",https://lissp2.davaocity.gov.ph/uploads/items/77461/Ordinance No. 0266-06.pdf
000033-88,"An Ordinance creating Ten (10) Barangays out of the mother Barangay of Agdao, Buhangin District, Davao City, to be named as : 1. Barangay Leon Garcia Sr.; 2. Barangay Kapitan Tomas Monteverde Sr.; 3. Barangay Agdao; 4. Barangay Gov. Paciano Bangoy;5. Barangay Wilfredo Aquino; 6. Barangay San Antonio; 7. Barangay Gov. Vicente Duterte; 8. Barangay Rafael Castillo; 9. Barangay Centro (San Juan); and 10. Barangay Lapulapu, pursuant to the provision of Section 82 on the Local Government Code (Batas Pambansa Blg. 337)",https://lissp2.davaocity.gov.ph/uploads/items/77552/Ordinance No. 033-88.pdf
000030-88,"An Ordinance to amend and revise Ordinance No. 142, series of 1955, otherwise known as ""THE ANTI -NUISANCE ORDINANCE"".",https://lissp2.davaocity.gov.ph/uploads/items/77574/Ordinance No. 030-88.pdf
000230-91A,"An Ordinance creating the People`s Law Enforcement Board (PLEB) in the three (3) Legislative districts of Davao City particularly District, 1 District, II and District III, in pursuance to Section 43 of Republic Act No. 6975, otherwise known as An Act Establishing the Philippine National Police under a re-organized Department of Interior and Local Government and for other purposes and likewise in pursuance of NAPOLCOM Memorandum Circular No. 91-002, otherwise known as the Rules of Procedures before the PLEB.",https://lissp2.davaocity.gov.ph/uploads/items/77759/Ordinance No. 0230-91A.pdf
000230-91,"An Ordinance entitled ""Revised Local Tax Code of Davao City"".",https://lissp2.davaocity.gov.ph/uploads/items/77771/Ordinance No. 0230-91.pdf
000280-06,The Anti-Smoke Belching Ordinance of Davao City,https://lissp2.davaocity.gov.ph/uploads/items/77868/Ordinance No. 0280-06.pdf
000292-06,"An Ordinance known as the ""Comprehensive Children and Family Support System in Davao City, as amended"", otherwise known as the ""Davao City Children`s Welfare Code, as amended""",https://lissp2.davaocity.gov.ph/uploads/items/77945/Ordinance No. 0292-06.pdf
000297-06,An Ordinance  Establishing the  Davao Sister Cities Program,https://lissp2.davaocity.gov.ph/uploads/items/77956/Ordinance No. 0297-06.pdf
000310-07,"The Watershed Protection, Conservation and Management Ordinance of Davao City hereinafter referred to as the "" Watershed Code""",https://lissp2.davaocity.gov.ph/uploads/items/78617/Ordinance No. 0310-07.pdf
000309-07,Ordinance Banning Aerial Spraying as an Agricultural Practice in all Agricultural Activities by all  Agricultural  Entities in Davao City,https://lissp2.davaocity.gov.ph/uploads/items/78618/Ordinance No. 0309-07.pdf
000036-56,"An Ordinance regulating the establishment, maintenance and operation of billiard and pool halls and bowling alleys in the City of Davao.",https://lissp2.davaocity.gov.ph/uploads/items/78706/Ordinance No. 000036-56.pdf
000326-07,"Ordinance further Amending Ordinance No. 0253-06, an Ordinance amending the provision of Section 69, paragraph (d) of City Ordinance No. 158-05, Series of 2005, otherwise known as “The 2005 Revenue Code of the City of Davao”, specifically Section 4 thereof, by deleting the phrase: “to be imposed on essential and non-essential commodities,” which shall now read as follows: “The provision of this Ordinance shall be applicable only to retailers with gross sales/receipts  in  excess  of P400,000.00""",https://lissp2.davaocity.gov.ph/uploads/items/79118/Ordinance No. 0326-07.pdf
000348-07,"Ordinance  Establishing the Gender-Sensitive Crisis Intervention Unit (GSCIU) of Davao City, creating plantilla positions for its personnel and appropriating funds therefor",https://lissp2.davaocity.gov.ph/uploads/items/79221/Ordinance No. 0348-07.pdf
000349-07,"ORDINANCE AMENDING DAVAO CITY ORDINANCE NO. 158-05, SERIES OF 2005, OTHERWISE KNOWN AS “THE 2005 REVENUE CODE OF THE CITY OF DAVAO”, PARTICULARLY ARTICLE IV, SECTION 103, NUMBER (4), FIRST PARAGRAPH, BY REDUCING THE ANNUAL FEE ON TAXI OPERATORS OPERATING THEIR  BUSINESS IN DAVAO CITY, FROM “THREE HUNDRED PESOS (P300.00)"" TO “TWO HUNDRED PESOS (P200.00)”",https://lissp2.davaocity.gov.ph/uploads/items/79236/Ordinance No. 0349-07.pdf
000355-07,"An  Ordinance  for  the  ""Davao  Branding  System” to raise the quality, standards and marketability of Davao-Made products",https://lissp2.davaocity.gov.ph/uploads/items/79348/Ordinance No. 0355-07.pdf
000375-07,An ordinance for the establishment and management of the Davao City Marine Protected Areas and providing funds thereof,https://lissp2.davaocity.gov.ph/uploads/items/79969/Ordinance No. 0375-07.pdf
000019-07,The Davao (Bangoy) International Airport Safety Ordinance of 2007,https://lissp2.davaocity.gov.ph/uploads/items/80379/Ordinance No. 000019-07.pdf
000014-07,"An Ordinance for the Comprehensive Urban Shelter and Services Development Code of Davao City, otherwise known as the ""Shelter Codeof Davao City""  (IRR is attached)",https://lissp2.davaocity.gov.ph/uploads/items/80404/Ordinance No. 000014-07.pdf
000031-07,"An Ordinance regulating the operation of travel agencies, tour operators and tour guides in the City of Davao",https://lissp2.davaocity.gov.ph/uploads/items/80489/Ordinance No. 000031-07.pdf
000030-07,AN ORDINANCE AMENDING SECTION 89 (1) OF THE 2005 REVENUE CODE OF DAVAO CITY,https://lissp2.davaocity.gov.ph/uploads/items/80505/Ordinance No. 000030-07.pdf
000056-08,An ordinance establishing the Overseas Filipino Workers (OFW) Center of Davao City under the City Mayor`s Office and for other purposes,https://lissp2.davaocity.gov.ph/uploads/items/80711/Ordinance No. 000056-08.pdf
000060-08,"An ordinance requiring all private establishments operating and/or doing business within the territorial jurisdiction of the City of Davao to  provide all their female seats and allow them to use the same during the performance of their work and providing penalties for violations thereof, and for other purposes",https://lissp2.davaocity.gov.ph/uploads/items/80789/Ordinance No. 000060-08.pdf
000023-85,"An Ordinance establishing  the ""Freedom Park"", a site for the people of Davao City to assemble peacefully, where they can air their grievances against the government or any person or entity without securing a permit from the City Government subject to certain condition",https://lissp2.davaocity.gov.ph/uploads/items/80842/Ordinance No. 023-85.pdf
000063-85,"An Ordinance amending Ordinance No. 31 , series of 1984 , entitled "" An Ordinance establishing guidelines, standards, rules and regulations for the operation and establishment of an Interim Bus Terminal at the bus terminal sites at New matina, City of Davao,  declared and authorized under Resolution No. 7, Ordinance No. 1, series 1984, enacted on February 16, 1984.",https://lissp2.davaocity.gov.ph/uploads/items/80985/Ordinance No. 063-85.pdf
000084-08,"AN ORDINANCE AMENDING ORDINANCE NO. 110, SERIES OF 1986, OTHERWISE KNOWN AS THE “DAVAO CITY OVERLAND TRANSPORT TERMINAL ORDINANCE”, BY INCREASING THE TERMINAL AND RENTAL FEES THEREIN",https://lissp2.davaocity.gov.ph/uploads/items/81645/Ordinance No. 000084-08.pdf
000085-08,"AN ORDINANCE AMENDING CITY ORDINANCE NO. 0195-04, SERIES OF 2004, OTHERWISE KNOWN AS “THE PUBLIC UTILITY REROUTING SCHEME FOR THE CITY OF DAVAO”, IN ORDER TO GRANT THE REQUEST OF ROUTE 10-B MULTI-PURPOSE COOPERATIVE FOR DEVELOPMENTAL ROUTE OF ROUTE 10",https://lissp2.davaocity.gov.ph/uploads/items/82188/Ordinance No. 000085-08.pdf
000195-67,Requiring all movie or cinema houses and/or theaters or coliseums operating within the City of Davao to provide facilities or contrivance whereby the public or its patrons can avail of a safe and sanitary drinking water at all times during screening hours,https://lissp2.davaocity.gov.ph/uploads/items/83118/Ordinance No. 000195-67.pdf
000106-08,"AN ORDINANCE AMENDING ARTICLE 13 OF ORDINANCE NO. 2269, SERIES OF 1994, OTHERWISE KNOWN AS “THE DAVAO CITY INVESTMENT INCENTIVE CODE OF 1994, AS AMENDED""",https://lissp2.davaocity.gov.ph/uploads/items/83443/Ordinance No. 000106-08.pdf
000281-72,Zonification Ordinance of the City of Davao,https://lissp2.davaocity.gov.ph/uploads/items/83581/Ordinance No. 000281-72.pdf
001457-74,"An Ordinance prohibiting the loosening or letting astray of dogs in the City of Davao, providing for the catching and impounding of the same, collection of fees for impounding them and providing further for their disposition when not claimed within a certain period and providing for penalty in case of violation thereof.",https://lissp2.davaocity.gov.ph/uploads/items/84334/Ordinance No. 001457-74.pdf
000084-71,"Amending Section 1, 4 and 5 of Ordinance No. 26, series of 1952, otherwise known as the Curfew Ordinance of the City of Davao, the same to read as follows: ""SEC. 1.- It shall be unlawful for any child below sixteen (16) years of age to be loitering around after seven (7) o`clock in the evening unless they are in company with their parents or guardians; and for any such child to be sleeping in public places like the markets, wharves, empty bodegas or houses, sidewalks or alleys, showhouses, etc.",https://lissp2.davaocity.gov.ph/uploads/items/84529/Ordinance No. 000084-71.pdf
000094-08,"AN ORDINANCE AMENDING ORDINANCE NO. 108, SERIES OF 2000, OTHERWISE KNOWN AS, ""THE PUBLIC UTILITY REROUTING SCHEME FOR THE CITY OF DAVAO""",https://lissp2.davaocity.gov.ph/uploads/items/84592/Ordinance No. 000094-08.pdf
000232-06,"Ordinance Prohibiting entertainment and other business establishments from allowing entry of persons with firearms, ammunitions and explosives and for other related acts and providing penalties therefor",https://lissp2.davaocity.gov.ph/uploads/items/84655/Ordinance No. 000232-06.pdf
001545-74,"An Ordinance amending certain provisions of Ordinance 1, series of 1974, otherwise known as the ""Davao City Tax Ordinance  of 1974"".",https://lissp2.davaocity.gov.ph/uploads/items/84672/Ordinance No. 001545-74.pdf
000172-09,An ordinance establishing a Hearing Screening Program for all infants in Davao City,https://lissp2.davaocity.gov.ph/uploads/items/85242/Ordinance No. 000172-09.pdf
000171-09,"An Ordinance known as ""The Davao City Anti-Littering Ordinance of 2009"" further amending by substitution Ordinance No. 98, Series of 1956, otherwise known as the ""Anti-Littering Ordinance of the City of Davao"", as amended by Ordinance No. 105, Series of 1986""",https://lissp2.davaocity.gov.ph/uploads/items/85478/Ordinance No. 000171-09.pdf
000190-09,An Ordinance regulating motorcades within the territorial jurisdiction of Davao City,https://lissp2.davaocity.gov.ph/uploads/items/85829/Ordinance No. 000190-09.pdf
000029-07,AN ORDINANCE PRESCRIBING GUIDELINES IN THE REGISTRATION OF BUSINESS ESTABLISHMENTS WITH FOREIGN NATIONALS IN DAVAO CITY AND FOR OTHER PURPOSES,https://lissp2.davaocity.gov.ph/uploads/items/86052/Ordinance No. 000029-07.pdf
000040-07,"An Ordinance fixing the schedule of fair market values of real properties within the territorial jurisdiction of Davao City, for the 2008 General Revision which shall take effect in the year 2009",https://lissp2.davaocity.gov.ph/uploads/items/86059/Ordinance No. 000040-07.pdf
000200-09,"AN ORDINANCE DECLARING BARANGAY MINTAL, TUGBOK DISTRICT, DAVAO CITY, AS A JAPANESE HERITAGE SITE IN RECOGNITION OF THE CULTURAL AND HISTORICAL BONDS BETWEEN THE PEOPLE OF JAPAN AND DAVAO CITY",https://lissp2.davaocity.gov.ph/uploads/items/86137/Ordinance No. 000200-09.pdf
000218-09,"An ordinance establishing the Davao City Parks System, creating the Parks System Board and for other purposes",https://lissp2.davaocity.gov.ph/uploads/items/86283/Ordinance No. 000218-09.pdf
000227-09,AN ORDINANCE CREATING THE DAVAO CITY JAPANESE HERITAGE SITE DEVELOPMENT COUNCIL DEFINING ITS POWERS AND FUNCTIONS AND FOR OTHER PURPOSES,https://lissp2.davaocity.gov.ph/uploads/items/86384/Ordinance No. 000227-09.pdf
000222-09,An Ordinance renaming Camilo Osias Elementary School to Dr. Jovito S. Francisco Elementary School,https://lissp2.davaocity.gov.ph/uploads/items/86588/Ordinance No. 0222-09.pdf
000197-09,"An ordinance further amending Ordinance No. 110, Series of 1986, otherwise known as ""The Davao City Overland Transport Terminal Ordinance"" particlarly Article 3, Section 8, Paragraph 5 (d) as amended by Ordinance No. 084-08, Series of 2008, by adjusting the rates therein",https://lissp2.davaocity.gov.ph/uploads/items/86592/Ordinance No. 0197-09.pdf
000258-09,An ordinance prohibiting spitting in public places and providing penalties for violations thereof,https://lissp2.davaocity.gov.ph/uploads/items/86605/Ordinance No. 000258-09.pdf
000268-09,"An ordinance renaming Tomas D. Monteverde, Sr. Sports Complex (PTA Grounds) located along Camus Street, Barangay 4-A, Poblacion District, this City, as ""Peoples Park""",https://lissp2.davaocity.gov.ph/uploads/items/86648/Ordinance No. 000268-09.pdf
000269-09,"An ordinance banning the use, sale and distribution of the sugar substitute Sodium Cyclamate for Neotogen also known as  ""Magic Sugar"" among food vendors, local markets and other similar food and business outlets in Davao City and for other purposes",https://lissp2.davaocity.gov.ph/uploads/items/86753/Ordinance No. 000269-09.pdf
000093-08,"An Ordinance providing for the sustainable  development, conservation and management of the fisheries and aquatic recources in the City of Davao, and for other purposes",https://lissp2.davaocity.gov.ph/uploads/items/86812/Ordinance No. 093-08.pdf
000291-09,"AN ORDINANCE ADOPTING RESOLUTION NUMBER 18-009, SERIES OF 2009 OF THE MARKET COMMITTEE RELATIVE TO THE COMPROMISE AGREEMENT BETWEEN THE MARKET VENDORS IN ALL CITY-OWNED PUBLIC MARKETS IN THE CITY AND THE CITY GOVERNMENT OF DAVAO",https://lissp2.davaocity.gov.ph/uploads/items/86916/Ordinance No. 0291-09.pdf
000098-08,"An Ordinance Amending the ""2005 Revenue Code of the City of Davao"" particularly the Civil Registry Fees prescribed under Article II, Sections 240, 241 & 242 of the said code",https://lissp2.davaocity.gov.ph/uploads/items/86965/Ordinance No. 098-08.pdf
000099-08,An ordinance establishing the International Relations Board of Davao City,https://lissp2.davaocity.gov.ph/uploads/items/86972/Ordinance No. 000099-08.pdf
000299-09,"An Ordinance amending Section 3 of Ordinance No. 115, Series of 1986, otherwise known as ""An Ordnance requiring persons and/or business establishments such as restaurants, food stalls and other related outlets serving barbecued meat such as pork, beef, fish or any food preparation needing the use of bamboo sticks or skewer s to remove the pointed sticks completely or cut their sharp ends before serving to customers, and providing penalties for violations thereof """,https://lissp2.davaocity.gov.ph/uploads/items/87160/Ordinance No. 000299-09.pdf
000298-09,"An ordinance for the proper harvesting, storage and utilization of rainwater in Davao City",https://lissp2.davaocity.gov.ph/uploads/items/87221/Ordinance No. 000298-09.pdf
000311-09,"An ordinance amending Section 5 of Ordinance No. 143,, Series of 2005, otherwise known as ""An Ordinance prohibiting the  use of cellular phones, hand-held radios, Personal Digital Assistant (PDA) and other similar electronic devices whilde driving",https://lissp2.davaocity.gov.ph/uploads/items/87223/Ordinance No. 000311-09.pdf
000335-10,An Ordinance creating the Women Health Care Clinic of Davao City,https://lissp2.davaocity.gov.ph/uploads/items/87266/Ordinance No. 000335-10.pdf
000160-08,"An Ordinance Amending Sections 218, 219, 220 and 388 of Ordinance No. 0158-05, otherwise known as the ""2005 Revenue Code of the City of Davao""",https://lissp2.davaocity.gov.ph/uploads/items/87443/Ordinance No. 0160-08.pdf
000262-09,"An Ordinance approving the ""Code of Ordinances of Davao City""",https://lissp2.davaocity.gov.ph/uploads/items/87750/Ordinance No. 0262-09.pdf
000331-10,"An Ordinance amending Section 3 of Ordinance No. 418, Series of 1983, otherwise known as ""An Ordniance requiring the owners of commercial buildings whose building permits were issued pursuant to the provisions of the  National Building Code, to provide sufficient lighting facilities at the aprking lots of said buildings and the posting of security guards thereat""",https://lissp2.davaocity.gov.ph/uploads/items/87856/Ordinance No. 000331-10.pdf
000328-09,An Ordinance regulating the Tourism Industry in the City of Davao,https://lissp2.davaocity.gov.ph/uploads/items/87894/Ordinance No. 000328-09.pdf
000384-10,"AN ORDINANCE INSTITUTIONALIZING, PROMOTING AND DEVELOPING ORGANIC AGRICULTURE IN DAVAO CITY, PROVIDING FUNDS THEREFOR AND FOR OTHER PURPOSES",https://lissp2.davaocity.gov.ph/uploads/items/87976/Ordinance No. 0384-10.pdf
000420-10,"An Ordinance amending Ordinance No. 30, Series of 1988, entitled ""An Ordinance amending and revising Ordinance No. 142, Series of 1955, otherwise known as the ""Anti-nuisance Ordinance"" to be knwon as ""The Revised Anti-Nuisance Ordinance of Davao City"" defining nuisance, prohibiting the same, punishing violation thereof and for other purposes",https://lissp2.davaocity.gov.ph/uploads/items/88000/Ordinance No. 000420-10.pdf
000336-10,An ordinance to institutionalize a Barangay Blood Donor`s Program for the City of Davao,https://lissp2.davaocity.gov.ph/uploads/items/88124/Ordinance No. 000336-10.pdf
000361-10,"An Ordinance providing for an Ecological Solid Waste Management, prohibiting certain acts and providing penalties for violations, and for other purposes",https://lissp2.davaocity.gov.ph/uploads/items/88125/Ordinance No. 000361-10.pdf
000417-10,Older Persons Welfare Code of Davao City,https://lissp2.davaocity.gov.ph/uploads/items/88126/Ordinance No. 000417-10.pdf
000363-10,An ordinance establishing a Septage and Sewerage Management Program in Davao City,https://lissp2.davaocity.gov.ph/uploads/items/88127/Ordinance No. 000363-10.pdf
000409-10,"“The Bicycle Ordinance of Davao City""",https://lissp2.davaocity.gov.ph/uploads/items/88128/Ordinance No. 000409-10.pdf
000408-10,"An ordinance creating the Davao City Literacy Coordinating Council, defining its powers and functions, appropriating funds therefor and for other purposes",https://lissp2.davaocity.gov.ph/uploads/items/88158/Ordinance No. 000408-10.pdf
000332-10,"An ordinance amending Section 4 of Ordinance No. 30, Series of 1988, otherwise known as ""The Revised Anti-nuisance Ordinance of Davao City""",https://lissp2.davaocity.gov.ph/uploads/items/88159/Ordinance No. 000332-10.pdf
000356-10,"An Ordinance amending Chapter 2, Article 8, Section 57 of City Ordinance No. 158-05, Series of 2005, otherwise known as ""The 2005 Revenue Code of Davao City""",https://lissp2.davaocity.gov.ph/uploads/items/88166/Ordinance No. 0356-10.pdf
000343-10,"AN ORDINANCE AMENDING SECTION 1, ORDINANCE NO. 3237-A, SERIES OF 1995, ENTITLED, “AN ORDINANCE AUTHORIZING THE CITY MAYOR TO SIGN, FOR AND IN BEHALF OF THE CITY OF DAVAO, THE DEED OF SALE AND FOR OTHER PURPOSES”, PARTICULARLY THE ERRONEOUS ENTRY OF THE NUMBER OF LOTS SITUATED AT SOLIMAN BLOCKS II AND III, AGDAO DISTRICT, DAVAO CITY FROM “30” TO “83”",https://lissp2.davaocity.gov.ph/uploads/items/88169/Ordinance No. 0343-10.pdf
000342-10,"An ordinance amending Sections 3 and 4 of Ordinance No. 099-08, Series of 2008, otherwise known as ""An Ordinance establishing the International Relations Board of Davao City""",https://lissp2.davaocity.gov.ph/uploads/items/88236/Ordinance No. 0342-10.pdf
000433-10,"AN ORDINANCE ADOPTING RESOLUTION NO. 010-10, SERIES OF 2010, OF THE MARKET COMMITTEE BY AMENDING SECTION 3 OF ORDINANCE NO. 0291-09, SERIES OF 2009 ENTITLED, “AN ORDINANCE ADOPTING RESOLUTION NO. 18-009, SERIES OF 2009 OF THE MARKET COMMITTEE RELATIVE TO THE COMPROMISE AGREEMENT BETWEEN THE MARKET VENDORS IN ALL CITY-OWNED PUBLIC MARKETS IN THE CITY AND THE CITY GOVERNMENT OF DAVAO”",https://lissp2.davaocity.gov.ph/uploads/items/88257/Ordinance No. 0433-10.pdf
000440-10,AN ORDINANCE AUTHORIZING THE ESTABLISHMENT OF A CREMATORIUM AT THE DAVAO CHINESE CEMETERY AND FOR OTHER PURPOSES,https://lissp2.davaocity.gov.ph/uploads/items/88258/Ordinance No. 0440-10.pdf
000445-10,An Ordinance prohibiting and penalizing the act of driving a motor vehicle while under the influence of liquor and/or prohibited drugs,https://lissp2.davaocity.gov.ph/uploads/items/88260/Ordinance No. 000445-10.pdf
000419-10,"An ordinance prohibiting the nailing, posting, hanging of streamers, posters and advertisements on trees in Davao City",https://lissp2.davaocity.gov.ph/uploads/items/88492/Ordinance No. 000419-10.pdf
000027-10,"AN ORDINANCE AUTHORIZING  THE CITY MAYOR TO SIGN,  FOR AND IN BEHALF OF THE CITY OF DAVAO,  THE PROPOSED MEMORANDUM OF UNDERSTANDING TO BE ENTERED INTO BY AND AMONG THE CITY GOVERNMENT OF DAVAO AND THE CENTER FOR HEALTH DEVELOPMENT (CHD), DAVAO REGION, DAVAO DOCTORS PPMD CLINIC AND HEALTH MANAGEMENT AND RESEARCH GROUP FOUNDATION INC. FOR THE IMPLEMENTATION OF PROGRAMMATIC MANAGEMENT OF DRUG RESISTANT TUBERCULOSIS (PMDT) IN DAVAO CITY",https://lissp2.davaocity.gov.ph/uploads/items/88578/Ordinance No. 027-10.pdf
000026-10,"AN ORDINANCE AUTHORIZING  THE CITY MAYOR TO SIGN,  FOR AND IN BEHALF OF THE CITY GOVERNMENT OF DAVAO,  THE MEMORANDUM OF UNDERSTANDING TO BE ENTERED INTO BY AND AMONG THE CENTER FOR HEALTH DEVELOPMENT (CHD), DAVAO REGION,  THE DEPARTMENT OF INTERIOR AND LOCAL GOVERNMENT, REGION XI (DILG-XI), THE BUREAU OF JAIL MANAGEMENT AND PENOLOGY (BJMP) AND THE CITY GOVERNMENT OF DAVAO,  RELATIVE TO THE IMPLEMENTATION OF DIRECTLY OBSERVED TREATMENT SHORT COURSE (DOTS) AT THE DAVAO CITY JAIL",javascript:void(0)
000435-10,Ordinance regulating the construction and maintenance of cellular towers for mobile phone services in Davao City,https://lissp2.davaocity.gov.ph/uploads/items/88602/Ordinance No. 000435-10.pdf
000010-10,"AN ORDINANCE AMENDING ARTICLE 23-A RULE VII OF ORDINANCE NO. 2269-A, SERIES OF 1994, AS AMENDED BY ORDINANCE NO. 4603-A, SERIES OF 1997 AND ORDINANCE NO. 36, SERIES OF 1999, OTHERWISE KNOWN AS ""THE RULES AND REGULATIONS IMPLEMENTING THE DAVAO CITY INVESTMENT INCENTIVE CODE, AS AMENDED, AND FOR RELATED PURPOSES"" FOR THE CREATION OF THE DAVAO CITY INVESTMENT PROMOTIONS CENTER (DCIPC) UNDER THE CITY MAYOR`S  OFFICE",https://lissp2.davaocity.gov.ph/uploads/items/88627/Ordinance No. 0010-10.pdf
000447-10,"An Ordinance requiring restaurants, fast food chains, eateries, food stalls in moviehouses, school or university canteens and other food establishments which serve ""Halal"" foods to acquire halal accreditation form the Davao City Muslim Ulama Halal Certifying and Monitoring Agency, prior to the posting of the word ""Halal"" within their premises or to use the ""Halal"" logo in their business name",https://lissp2.davaocity.gov.ph/uploads/items/88650/Ordinance No. 0447-10.pdf
000448-10,An Ordinance providing for the Mandatory Representation for Indigenous Peoples in the City Council of Davao and providing funds therefor,https://lissp2.davaocity.gov.ph/uploads/items/88651/Ordinance No. 000448-10.pdf
000019-10,AN ORDINANCE AUTHORIZING THE CITY MAYOR TO IMPLEMENT THE NEW RATES OF REPRESENTATION AND TRANSPORTATION ALLOWANCES (RATA) OF THE SANGGUNIANG PANLUNGSOD (SP) MEMBERS AND CITY GOVERNMENT DEPARTMENT HEAD II (CGDH II) OF THE CITY GOVERNMENT OF DAVAO EFFECTIVE JANUARY 2010 ON THE BASIS OF REPUBLIC ACT NO. 9970 (RA 9970) OR THE GENERAL APPROPRIATIONS ACT OF FISCAL YEAR 2010 (GAA FY 2010) AND TO COLLECT THE DIFFERENCE OF P200.00 PER MONTH CHARGEABLE AGAINST THE LUMPSUM MISCELLANEOUS PERSONNEL BENEFITS FUND,https://lissp2.davaocity.gov.ph/uploads/items/88746/Ordinance No. 019-10.pdf
000020-10,"AN ORDINANCE AUTHORIZING THE CITY MAYOR TO IMPLEMENT THE ADJUSTED RATES OF SPECIAL COUNSEL ALLOWANCE PAID TO LAWYER-PERSONNEL INCLUDING THOSE DESIGNATED TO ASSUME THE DUTIES OF A LEGAL OFFICER AND THOSE IN THE LEGAL STAFF OF DEPARTMENTS, BUREAUS, AND OFFICES IN THE CITY GOVERNMENT OF DAVAO EFFECTIVE JANUARY 2010 ON THE BASIS OF SECTION 52 OF REPUBLIC ACT NO. 9970 OR THE GENERAL APPROPRIATIONS ACT OF FISCAL YEAR 2010 (GAA FY 2010)",https://lissp2.davaocity.gov.ph/uploads/items/88748/Ordinance No. 020-10.pdf
000046-10,"ORDINANCE GRANTING AUTHORITY TO THE CITY MAYOR TO GRANT PRODUCTIVITY ENHANCEMENT INCENTIVE (PEI) TO ALL PERSONNEL OF THE CITY GOVERNMENT OF DAVAO AUTHORIZED UNDER ADMINISTRATIVE ORDER (AO) NO. 3 OF THE OFFICE OF THE PRESIDENT DATED NOVEMBER 25, 2010, AND SHALL BE IMPLEMENTED IN ACCORDANCE WITH BUDGET CIRCULAR NO. 2010-3, CY 2010 OF THE DEPARTMENT OF BUDGET AND MANAGEMENT (DBM), CHARGEABLE AGAINST THE AVAILABLE SAVINGS FROM THE CURRENT OPERATING EXPENDITURE (COE) OF ALL CITY DEPARTMENTS AND OFFICES FOR CALENDAR YEAR 2010",https://lissp2.davaocity.gov.ph/uploads/items/88854/Ordinance No. 046-10.pdf
000048-10,"ORDINANCE AMENDING ORDINANCE NO. 0158-05, SERIES OF 2005, OTHERWISE KNOWN AS ""THE 2005 REVENUE CODE OF THE CITY OF DAVAO"" PARTICULARLY ARTICLE 30, SECTION 232 THEREOF, BY ADJUSTING, REDUCING AND/OR LOWERING THE RATES OF THE AMBULANT VENDING FEE (SPACE OCCUPIED PER SQUARE METER PER DAY) FROM ""TWENTY-FIVE PESOS (P25.00)"" PER SQUARE METER PER DAY TO ""FIFTEEN PESOS (P15.00)"" PER SQUARE METER PER DAY FOR THE PERIOD DECEMBER 7, 2010 TO JANUARY 2, 2011 ONLY IN CONNECTION WITH THE ""PASKO STREET MARKET"" ONE OF THE ACTIVITIES OF PASKO FIESTA SA DAVAO 2010",https://lissp2.davaocity.gov.ph/uploads/items/88867/Ordinance No. 048-10.pdf
000052-10,ORDINANCE AUTHORIZING THE CITY MAYOR TO ENTER INTO AND SIGN FOR AND IN BEHALF OF THE CITY GOVERNMENT OF DAVAO THE AMENDED MEMORANDUM OF AGREEMENT ON THE IMPLEMENTATION OF THE GROW MICRO PROGRAM – “MAGNEGOSYO TA DAY” PROJECT TO BE ENTERED INTO BY AND BETWEEN THE CITY GOVERNMENT OF DAVAO AND THE DEPARTMENT OF LABOR AND EMPLOYMENT (DOLE),https://lissp2.davaocity.gov.ph/uploads/items/88879/Ordinance No. 052-10.pdf
000410-10,"An Ordinance known as the ""New Davao City Tricycle For Hire (TFH) Franchising and Regulatory Code of 2010"" amending City Ordinance No. 1692, series of 1994",https://lissp2.davaocity.gov.ph/uploads/items/88940/Ordinance No. 0410-10.pdf
000068-11,"AN ORDINANCE GRANTING THE CITY MAYOR SARA Z. DUTERTE LEGISLATIVE AUTHORITY TO SIGN, FOR AND IN BEHALF OF THE CITY GOVERNMENT OF DAVAO, THE MEMORANDUM OF AGREEMENT TO BE ENTERED INTO BY AND BETWEEN THE CITY GOVERNMENT OF DAVAO AND THE DEPARTMENT OF EDUCATION (DepEd), RELATIVE TO THE IMPLEMENTATION OF THE PROJECT OF THE CITY CIVIL REGISTRAR ENTITLED “SA PAARALAN KO, PWEDE NG MAGREHISTRO”",https://lissp2.davaocity.gov.ph/uploads/items/89071/Ordinance No. 068-11.pdf
000095-11,"AN ORDINANCE AUTHORIZING THE CITY MAYOR TO ENTER INTO AND SIGN,  FOR AND IN BEHALF OF THE CITY GOVERNMENT OF DAVAO,  THE AMENDED MEMORANDUM OF AGREEMENT ON EDUCATIONAL PROGRAM OF NCCC CARES,  INCORPORATED AND THE CITY GOVERNMENT OF DAVAO",https://lissp2.davaocity.gov.ph/uploads/items/89079/Ordinance No. 095-11.pdf
000071-11,Ordinance reuiring all drivers of Public Utilitiy Vehicles (PUVs) in the City of Davao to secure an official Identification Card (ID )issued by the City Government of Davao,https://lissp2.davaocity.gov.ph/uploads/items/89144/Ordinance No. 071-11.pdf
000074-11,"An ordinance penalizing any person in actual or constructive possession of any dog found defecating upon another person`s private property or commonly-used properties such as roads, parks and playgrounds or on public properties",https://lissp2.davaocity.gov.ph/uploads/items/89263/Ordinance No. 074-11.pdf
000087-11,"AN ORDINANCE AUTHORIZING THE CITY MAYOR TO SIGN, FOR AND IN BEHALF OF THE CITY GOVERNMENT OF DAVAO THE MEMORANDUM OF AGREEMENT TO BE ENTERED INTO BY AND BETWEEN THE CITY GOVERNMENT OF DAVAO AND THE DEPARTMENT OF SOCIAL WELFARE AND DEVELOPMENT (DSWD) RELATIVE TO THE SOCIAL PENSION PROGRAM FOR INDIGENT SENIOR CITIZENS IN DAVAO CITY",https://lissp2.davaocity.gov.ph/uploads/items/89306/Ordinance No. 087-11.pdf
000094-11,"AN ORDINANCE AMENDING ORDINANCE NO. 0410-10, SERIES OF 2010, OTHERWISE KNOWN AS ""NEW DAVAO CITY TRICYCLE FOR HIRE (TFH) FRANCHISING AND REGULATORY CODE OF 2010"" PARTICULARLY SECTION 27, ARTICLE VI, FRANCHISE AND OTHER FEES, III A. (5) AND VIII A. (7), BY WAY OF REMOVING THE REQUIRED DEPARTMENT OF LABOR AND EMPLOYMENT (DOLE) CLEARANCE FROM THE SAID PROVISION",https://lissp2.davaocity.gov.ph/uploads/items/89700/Ordinance No. 094-11.pdf
000080-11,"AN ORDINANCE AUTHORIZING THE CITY MAYOR TO SIGN, FOR AND IN BEHALF OF THE CITY OF DAVAO, THE MEMORANDUM OF AGREEMENT TO BE ENTERED INTO BY AND AMONG THE CITY GOVERNMENT OF DAVAO, HANDICAP INTERNATIONAL, SOUTHERN PHILIPPINES MEDICAL CENTER AND THE DEPARTMENT OF HEALTH, REGION XI, RELATIVE TO THE DEVELOPMENT, IMPLEMENTATION, MONITORING AND EVALUATION OF THE  CARDIOVASCULAR DISEASE PROGRAM IN DAVAO CITY",https://lissp2.davaocity.gov.ph/uploads/items/89836/Ordinance No. 080-11.pdf
000132-11,"AN ORDINANCE  AUTHORIZING THE HONORABLE CITY MAYOR TO SIGN, FOR AND IN BEHALF OF THE CITY GOVERNMENT OF DAVAO,  THE MEMORANDUM OF AGREEMENT ON HOUSING CONSTRUCTION UNDER THE RESETTLEMENT ASSISTANCE PROGRAM TO BE EXECUTED BY AND BETWEEN THE LOCAL GOVERNMENT OF DAVAO CITY AND THE NATIONAL HOUSING AUTHORITY (NHA),  FOR THE CONSTRUCTION OF ONE HUNDRED (100) HOUSING UNITS IN THE EXISTING LOS AMIGOS RELOCATION SITE,  LOS AMIGOS,  DAVAO CITY",https://lissp2.davaocity.gov.ph/uploads/items/89952/Ordinance No. 0132-11.pdf
000133-11,"AN ORDINANCE AUTHORIZING THE CITY MAYOR TO ENTER INTO AND SIGN, FOR AND IN BEHALF OF THE CITY GOVERNMENT OF DAVAO, THE MEMORANDUM OF AGREEMENT WITH THE DEPARTMENT OF SOCIAL WELFARE AND DEVELOPMENT (DSWD), FOR THE IMPLEMENTATION OF THE SUPPLEMENTARY FEEDING PROGRAM",https://lissp2.davaocity.gov.ph/uploads/items/90123/Ordinance No. 0133-11.pdf
000170-11,An Ordinance for the manadatory supervised daily toothbrush drill for children under the Early Childhood Care and Development Programof Davao City,https://lissp2.davaocity.gov.ph/uploads/items/90126/Ordinance No. 0170-11.pdf
000179-11,"AN ORDINANCE AUTHORIZING THE CITY MAYOR TO ENTER INTO AND SIGN,  FOR AND IN BEHALF OF THE CITY GOVERNMENT OF DAVAO,  THE AMENDED MEMORANDUM OF AGREEMENT BETWEEN THE CITY GOVERNMENT OF DAVAO AND THE DEPARTMENT OF EDUCATION FOR THE PROJECT ENTITLED, “SA PAARALAN KO PWEDE NG MAGREHISTRO”",https://lissp2.davaocity.gov.ph/uploads/items/90141/Ordinance No. 0179-11.pdf
000137-11,"AN ORDINANCE AUTHORIZING THE CITY MAYOR TO ENTER INTO AND SIGN, FOR AND IN BEHALF OF THE CITY GOVERNMENT OF DAVAO, THE MEMORANDUM OF AGREEMENT TO BE ENTERED INTO BY AND BETWEEN THE CITY GOVERNMENT OF DAVAO AND THE DIFFERENT PARTICIPATING COLLEGES AND UNIVERSITIES, AND THE SCHOLARS/GRANTEES, RESPECTIVELY, IN THE IMPLEMENTATION OF THE SCHOLARSHIP ON TERTIARY EDUCATION PROGRAM PROVIDED UNDER EXECUTIVE ORDER NO. 19, SERIES OF 2011",https://lissp2.davaocity.gov.ph/uploads/items/90836/Ordinance No. 0137-11.pdf
000171-11,"AN ORDINANCE AUTHORIZING THE CITY MAYOR TO ENTER INTO AND SIGN, FOR AND IN BEHALF OF THE CITY GOVERNMENT OF DAVAO, THE REVISED MEMORANDUM OF AGREEMENT TO BE ENTERED INTO BY AND BETWEEN THE CITY GOVERNMENT OF DAVAO AND SYCIP GORRES VELAYO & CO., RELATIVE TO THE PUBLICATION OF “DOING BUSINESS IN DAVAO CITY” THAT WILL SPECIFICALLY SHOWCASE THE CITY AS A RICH SOURCE OF INVESTMENT OPPORTUNITIES FOR BOTH LOCAL AND FOREIGN INVESTORS",https://lissp2.davaocity.gov.ph/uploads/items/90894/Ordinance No. 0171-11.pdf
000177-11,"AN ORDINANCE AMENDING ORDINANCE NO. 0132-11, SERIES OF 2011, ENTITLED, AUTHORIZING THE CITY MAYOR TO SIGN, FOR AND IN BEHALF OF THE CITY GOVERNMENT OF DAVAO, THE MEMORANDUM OF AGREEMENT ON HOUSING CONSTRUCTION UNDER THE RESETTLEMENT ASSISTANCE PROGRAM TO BE EXECUTED BY AND BETWEEN THE LOCAL GOVERNMENT OF DAVAO CITY AND THE NATIONAL HOUSING AUTHORITY (NHA) FOR THE CONSTRUCTION OF ONE HUNDRED (100) HOUSING UNITS IN THE EXISTING LOS AMIGOS RELOCATION SITE, LOS AMIGOS, DAVAO CITY, BY AMENDING THE SAME FROM ONE HUNDRED (100) HOUSING UNITS TO TWO HUNDRED (200) HOUSING UNITS AND THE AMOUNT INVOLVED FROM TEN MILLION PESOS (P10,000,000.00) TO TWENTY MILLION PESOS (P20,000,000.00)",https://lissp2.davaocity.gov.ph/uploads/items/90898/Ordinance No. 0177-11.pdf
000185-11,"AN ORDINANCE AUTHORIZING THE CITY MAYOR TO ENTER INTO AND SIGN, FOR AND IN BEHALF OF THE CITY GOVERNMENT OF DAVAO, THE MEMORANDUM OF AGREEMENT TO BE ENTERED INTO BY AND BETWEEN THE CITY GOVERNMENT OF DAVAO AND OPERATION SMILE PHILIPPINES RELATIVE TO THE OPERATION SMILE PROGRAM IN DAVAO CITY",https://lissp2.davaocity.gov.ph/uploads/items/90902/Ordinance No. 0185-11.pdf
000193-11,"AN ORDINANCE AMENDING CERTAIN PROVISIONS OF ORDINANCE NO. 514, SERIES OF 1985, RECONSTITUTING THE MEMBERSHIP OF THE DAVAO CITY RECREATION CENTER (DCRC) BOARD OF TRUSTEES, DEFINING ITS POWERS AND FUNCTIONS",https://lissp2.davaocity.gov.ph/uploads/items/91161/Ordinance No. 0193-11.pdf
000178-11,"AN ORDINANCE AUTHORIZING THE CITY MAYOR TO ENTER INTO AND SIGN,  FOR AND IN BEHALF OF THE CITY GOVERNMENT OF DAVAO,  THE MEMORANDUM OF AGREEMENT RELATIVE TO THE MINDANAO SCIENCE AND TECHNOLOGY PARK CONSORTIUM (MSTPC) TO BE ENTERED INTO BY THE CITY GOVERNMENT OF DAVAO WITH VARIOUS NATIONAL AND LOCAL GOVERNMENT AGENCIES AND PRIVATE ENTITIES",https://lissp2.davaocity.gov.ph/uploads/items/91182/Ordinance No. 0178-11.pdf
000181-11,"AN ORDINANCE AUTHORIZING THE CITY MAYOR TO ENTER INTO AND SIGN,  FOR AND IN BEHALF OF THE CITY GOVERNMENT OF DAVAO,  THE MEMORANDUM OF AGREEMENT  TO BE ENTERED INTO BY AND BETWEEN THE CITY GOVERNMENT OF DAVAO AND THE NATIONAL STATISTICS OFFICE (NSO) CONCERNING THE PHILIPPINE CIVIL REGISTRY INFORMATION SYSTEM (PHILCRIS)",https://lissp2.davaocity.gov.ph/uploads/items/91186/Ordinance No. 0181-11.pdf
000234-11,"An Ordinance imposing new rates for the use of the Davao City Recreation Center (DCRC) and other amendments to the provisions of Ordinance No. 514, series of 1985",https://lissp2.davaocity.gov.ph/uploads/items/91680/Ordinance No. 0234-11.pdf
000220-11,An Ordinance creating a PHILHEALTH Capitation Fund from the proceeds of the outpatient consultation and diagnostic benefit package to be provided by the Philippine Health Insurance Corporation (PHILHEALTH) for the qualified indigent families of the City of Davao under the indigent sector component of the National Health Insurance Program (NCIP),https://lissp2.davaocity.gov.ph/uploads/items/91681/Ordinance No. 0220-11.pdf
000245-12,"An Ordinance authorizing the City Mayor to enter into and sign, for and in behalf of the City Government of Davao, the Memorandum of Agreement to be entered by and between the City Government of Davao and the Office of the Presidential Adviser on the Peace Process for the Nation-wide Converged Peace-Buildig Program focused on the development of conflict affected and peace-agreement areas known as ""Payapa at Masaganang Pamayanan (PAMANA)"" or ""Resilient Communities Program""",https://lissp2.davaocity.gov.ph/uploads/items/91683/Ordinance No. 0245-12.pdf
000212-11,"An Ordinance accepting and approving the Rules for the Selection of the Mandatory Representative of the Indigenous Peoples to the Sangguniang Panlungsod of Davao City, as amended",https://lissp2.davaocity.gov.ph/uploads/items/91833/Ordinance No. 0212-11.pdf
000287-12,"An Ordinance authorizing the City Mayor to enter into and sign, for and in behalf of the City Government of Davao, the Memorandum of Agreement to be entered into by and among the City Government of Davao, the Film Development Council of the Philippines (FDCP) and the Davao City Chamber of Commerce and Industry, Inc. (DCCCII) relative to the Davao City International Film Festival from June 25-29, 2012",https://lissp2.davaocity.gov.ph/uploads/items/91960/Ordinance No. 0287-12.pdf
000294-12,"An Ordinance amending Resolution No. 01966-12 and its corresponding Ordinance No. 0287-12, both series of 2012, by changing the name of the event from “Davao City International Film Festival” to “Sineng Pambansa National Film Festival”  and the date from June 25-29, 2012 to June 29 - July 03, 2012",https://lissp2.davaocity.gov.ph/uploads/items/92027/Ordinance No. 0294-12.pdf
000295-12,"An Ordinance amending Resolution No. 01967-12 and its corresponding Ordinance  0288-12 ,both series of 2012, granting exemption from the payment of amusement tax on the proceeds of the screenings as stated in the Memorandum of Agreement by changing the name of the event and date from ""Davao City International Film Festival"" to ""Sineng Pambansa National Film Festival"", and from ""June 25-29, 2012"" to June 29-July 3, 12012,"" respectively",https://lissp2.davaocity.gov.ph/uploads/items/92029/Ordinance No. 0295-12.pdf
000271-12,"An Ordinance authorizing the City Mayor to enter into and sign, for and in behalf of the City Government of Davao, the Memorandum of Agreement to be entered into by and between the City Government of Davao and the Office of the Presidential Adviser on the Peace Process for the Social Integration Program (SIP), as amended",javascript:void(0)
000247-12,"An Ordinance amending Section 253 of City Ordinance No. 0158-05, Series of 2005, as amended, otherwise known as ""The 2005 Revenue Code of the City of Davao""",https://lissp2.davaocity.gov.ph/uploads/items/92220/Ordinance No. 0247-12.pdf
000034-10,"An Ordinance granting authority to the City Mayor to sign, for and in behalf of the City of Davao, the Memorandum of Agreement, to be entered into by and among the City Government of Davao, the Department of Health Region XI, the City Health Office - Davao City and Davao Medical Society relative to the Millenium Development Goals 2015 (no hard copy)",javascript:void(0)
000263-12,"AN ORDINANCE AUTHORIZING THE CITY MAYOR TO ENTER INTO AND SIGN, FOR AND IN BEHALF OF THE CITY GOVERNMENT OF DAVAO, THE MEMORANDUM OF AGREEMENT TO BE ENTERED INTO BY AND BETWEEN THE CITY GOVERNMENT OF DAVAO AND THE PHILIPPINE POSTAL CORPORATION TO ISSUE, CIRCULATE AND SELL COMMEMORATIVE STAMPS AND OTHER PHILATELIC PRODUCTS FOR THE CELEBRATION OF DAVAO CITY’S 75TH ARAW NG DABAW ANNIVERSARY",https://lissp2.davaocity.gov.ph/uploads/items/92279/Ordinance No. 0263-12.pdf
000264-12,An ordinance providing for a juvenille intervention program for Children In Conflict with Law (CICL)  and Children At Risk (CAR) of the Local Government of Davao City and appropriating funds therefor,https://lissp2.davaocity.gov.ph/uploads/items/92280/Ordinance No. 0264-12.pdf
000302-12,"An Ordinance amending Ordinance No. 0220-11, specifically Section 6 {c} thereof, to read as follows: from: “A separate Book of Accounts shall be maintained by the Local Government Unit” to: “ A separate Depository Accounts under Trust Fund Book of Accounts shall be maintained by the City for the purpose”",https://lissp2.davaocity.gov.ph/uploads/items/92407/Ordinance No. 0302-12.pdf
000303-12,"An Ordinance amending the Memorandum of Agreement creating Philhealth Capitation Fund, specifically Section 8.2  thereof, to read as  follows: from: “A separate Book of Accounts shall be maintained by the City for the purpose” to: “A separate Depository Account under Trust Fund Book of Accounts shall be maintained by the City for the purpose”",https://lissp2.davaocity.gov.ph/uploads/items/92409/Ordinance No. 0303-12.pdf
000304-12,"An Ordinance an authorizing the City Mayor to sign, for and in behalf of the City Government of Davao, the Amended Memorandum of Agreement creating the Philhealth Capitation Fund",https://lissp2.davaocity.gov.ph/uploads/items/92411/Ordinance No. 0304-12.pdf
000312-12,"An Ordinance approving the use/utilization and/or allocation of part of the Social Housing Trust Fund balance for various needs in the implementation of the City Shelter/Housing Program, as amended",https://lissp2.davaocity.gov.ph/uploads/items/92455/Ordinance No. 0312-12.pdf
000319-12,"An Ordinance authorizing the City Mayor to enter into and sign, for and in behalf of the City Government of Davao, the Memorandum of Agreement to be entered into by the City Government of Davao, Bangko Sentral ng Pilipinas (BSP), cooperatives and government funding institutions, DBP, and LBP for the Davao City Credit Surety Fund (DCCSF) Program",https://lissp2.davaocity.gov.ph/uploads/items/92471/Ordinance No. 0319-12.pdf
000331-12,"An Ordinance amending Section 3 of Ordinance No. 099-08, Series of 2008, otherwise known as “An Ordinance establishing the International Relations Board of Davao City” as amended by Ordinance No. 0342-10, Series of 2010, otherwise known as an Ordinance amending Sections 3 and 4 of Ordinance No. 099-08",https://lissp2.davaocity.gov.ph/uploads/items/92512/Ordinance No. 0331-12.pdf
000334-12,An Ordinance for the Comprehensive Transport and Traffic Code of Davao City,javascript:void(0)
000342-12,"An Ordinance authorizing the City Mayor to enter into and sign, for and in behalf of the City Government  of Davao, the Memorandum of Agreement  (MOA) to be entered into by and between the City Government of Davao and the Department of Health, Center for Health Development (DOH--CHD) – Davao, relative to the development and implementation of the Unified Health Management Information System (UHMIS)",https://lissp2.davaocity.gov.ph/uploads/items/92544/Ordinance No. 0342-12.pdf
000353-12,"An Ordinance Promoting Public-Private Partnership (PPP) in the Financing, Construction, Operation and Maintenance of Local Government Infrastructure or Development Projects",https://lissp2.davaocity.gov.ph/uploads/items/92551/Ordinance No. 0353-12.pdf
000350-12,"An Ordinance approving the Davao Investment Incentive Code of 1994, as amended",https://lissp2.davaocity.gov.ph/uploads/items/92569/Ordinance No. 0350-12.pdf
000367-12,The New Comprehensive Anti-Smoking Ordinance of Davao City.,https://lissp2.davaocity.gov.ph/uploads/items/92638/Ordinance No. 0367-12.pdf
000387-12,"An Ordinance further amending Ordinance No.  0227-04, series of 2004, otherwise known as “The Internet Café Ordinance of Davao City, as amended",https://lissp2.davaocity.gov.ph/uploads/items/92695/Ordinance No. 0387-12.pdf
000388-12,"An Ordinance authorizing Cosmopolitan Funeral Homes to establish a crematorium as an additional service or business line to its current operation, located at Camus Extension, corner Abad Santos Street, this City",https://lissp2.davaocity.gov.ph/uploads/items/92696/Ordinance No. 0388-12.pdf
000056-48,This Ordinance shall be known as the Health and Sanitation Ordinance of the City of Davao.,https://lissp2.davaocity.gov.ph/uploads/items/92704/Ordinance No. 056-48.pdf
000391-12,An Ordinance creating the Davao City Public Employment Service Office (DC-PESO) and Integrating it as one division under the City Mayor`s Office,https://lissp2.davaocity.gov.ph/uploads/items/92723/Ordinance No. 0391-12.pdf
000390-12,"An Ordinance amending Chapter 5, Article 7-Cemetery Charges, particularly Sections 298-313 of the 2005 Revenue Code of Davao City",https://lissp2.davaocity.gov.ph/uploads/items/92730/Ordinance No. 0390-12.pdf
000407-12,"An Ordinance requiring all establishments, whether commercial, industrial or financial institutions, with capitalization of not less than Three Million (P3,000,000.00) , including, but not limited to banks, pawnshops, restaurants, shopping malls, hotels, inns, educational  institutions, hospitals and medical institutions, gaming cockpits (sabungan) and private transportation terminals operating on land, air and sea, operation within the  City of Davao, to install, operate and maintain Closed Circuit Televisions (CCTVs) camera/s in public/common area/s",https://lissp2.davaocity.gov.ph/uploads/items/92814/Ordinance No. 0407-12.pdf
000440-12,"An Ordinance authorizing the City Mayor to enter into and sign, for and in behalf of the City Government of Davao, the Deed of Sale for the New Matina Upgrading in the SIR Program",https://lissp2.davaocity.gov.ph/uploads/items/92928/Ordinance No. 0440-12.pdf
000441-12,"An Ordinance authorizing the City Mayor to enter into and sign, for and in behalf of the City Government of Davao, the Deed of Sale for the New Matina Sites and Services Phase 1 and 2",https://lissp2.davaocity.gov.ph/uploads/items/92930/Ordinance No. 0441-12.pdf
000442-12,"An Ordinance authorizing the City Mayor to enter into and sign, for and in behalf of the City Government of Davao, the Deed of Sale for the New Matina Commercial Area",https://lissp2.davaocity.gov.ph/uploads/items/92932/Ordinance No. 0442-12.pdf
000417-12,"An Ordinance declaring unlawful, acts and conduct of discrimination based on sex, gender, identity, sexual orientation, race, color, descent, national or ethnic origin and religious affiliation or beliefs and penalizing the same",https://lissp2.davaocity.gov.ph/uploads/items/92962/Ordinance No. 0417-12.pdf
000463-13,"An Ordinance amending Ordinance No. 0435-10, Series of 2010, otherwise known as ""An Ordinance providing for the regulation of the construction and maintenance of cellular towers for mobile phones services in the City of Davao"" by amending Section 17 and other provisions thereof",https://lissp2.davaocity.gov.ph/uploads/items/92983/Ordinance No. 0463-13.pdf
000470-13,An Ordinance promoting the rights of individuals engaged in amateur boxing competitions for the safety and protection of minors from injuries and to welfare protection,https://lissp2.davaocity.gov.ph/uploads/items/92991/Ordinance No. 0470-13.pdf
000474-13,An Ordinance providing and approving the pricing scheme for Tibungco Relocation for Phase 1 and Phase 2,https://lissp2.davaocity.gov.ph/uploads/items/93005/Ordinance No. 0474-13.pdf
000485-13,"An Ordinance amending Chapter 5, Article 11, Section 332 of the Revenue Code of Davao City and providing for the administration, enforcement and amendment thereof and for the repeal of  all ordinances in conflict therewith",https://lissp2.davaocity.gov.ph/uploads/items/93044/Ordinance No. 0485-13.pdf
000489-13,"An Ordinance authorizing the City Mayor to enter into and sign, for and in behalf of the City Government of Davao, the lease Purchase Agreements between the City and the respective individual beneficiaries of theTibungco Relocation Phase 1 and Phase 2",https://lissp2.davaocity.gov.ph/uploads/items/93053/Ordinance No. 0489-13.pdf
000490-13,"An Ordinance authorizing the City Mayor to enter into and sign, for and in behalf of the City Government of Davao, the Deeds of Sale for the lots in the SIR Program, namely Piapi Upgrading Area and Piapi Commercial Area",https://lissp2.davaocity.gov.ph/uploads/items/93054/Ordinance No. 0490-13.pdf
000495-13,"An Ordinance providing and approving the rental rate for business establishments occupying portions of  the reservation area covered by Proclamation No. 20 located at Times Beach, Matina Aplaya, Davao City",https://lissp2.davaocity.gov.ph/uploads/items/93071/Ordinance No. 0495-13.pdf
000496-13,"An Ordinance authorizing the City Mayor to enter into and sign, for and in behalf of the City Government of Davao, the Lease Contracts between the City Government of Davao and the respective individual business establishments occupying portions of  the reservation area covered by Proclamation No. 20 located in Times Beach, Matina Aplaya, this City, in accordance with City Council Resolution No. 02467-13, both series of 2013",https://lissp2.davaocity.gov.ph/uploads/items/93074/Ordinance No. 0496-13.pdf
000506-13,An Ordinance mandating random drug testing in all business establishments in Davao City employing ten (10) or more employees and establishing the same as a requirement in the acquisition and renewal of business permits,https://lissp2.davaocity.gov.ph/uploads/items/93118/Ordinance No. 0506-13.pdf
000510-13,"An Ordinance authorizing the City Mayor to enter into and sign, for and in behalf of the City Government of Davao, the Memorandum of Agreement to be entered into by and among the Jollibee Group Foundation, Inc.,  Local Government Unit-Davao City, area implementing partners,  local implementing partners and sub-local implementing partners relative to the in-school feeding initiative dubbed “Busog, Lusog, Talino” Program",javascript:void(0)
000512-13,"An Ordinance ratifying the provisions of R.A. 10172, An Act Amending R.A. 9048, the Clerical Error Law and its Implementing Rules and Regulations (A.O. No. 1, Series of 2002) and further amending the provisions of the 2005 Revenue Code of Davao City",https://lissp2.davaocity.gov.ph/uploads/items/93148/Ordinance No. 0512-13.pdf
000538-13,"An Ordinance adopting and approving the proposed restructured scheduled of accounts for the original awardees and undocumented awardees under the Slum Improvement Resettlement Project Residential and Commercial Areas of Piapi Upgrading, New Matina Sites and Services (NMSS) 1 & 2 and New Matina Upgrading Area (NMUA)",javascript:void(0)
000539-13,An Ordinance adopting and approving the Pricing Scheme of the Catalunan Grande Resettlement Project submitted by the Technical Working Group and the Pricing Committee,https://lissp2.davaocity.gov.ph/uploads/items/93221/Ordinance No. 0539-13.pdf
000546-13,"An Ordinance amending the Comprehensive Zoning Ordinance of Davao City and providing for the administration, enforcement and amendments thereof and for the repeal of all ordinances in conflict therewith, otherwise known as the Comprehensive Zoning Ordinance of Davao City for 2013-2022, incorporating as integral part thereof Volume 1 (Comprehensive Land Use Plan) and Volume III (Sectoral Studies) of the Comprehensive Land Use Plan of Davao City for 2013-2022",javascript:void(0)
000004-13,"An Ordinance amending Ordinance No. 01627, Series of 1994, “An Ordinance regulating the operation of business establishments selling liquors, coconut wine, and other nature wine and other alcoholic beverages in the City of Davao",https://lissp2.davaocity.gov.ph/uploads/items/93276/Ordinance No. 004-13.pdf
000019-13,"An Ordinance authorizing the City Mayor to enter into and sign, for and in behalf of the City Government of Davao, the Memorandum of Understanding (MOU) to be entered into by and between the City Government of Davao and International Research Exchange (IREX) that aims to develop the City Library of Davao as a Center for Economic opportunity which will provide access to information and services for the people in the City of Davao",https://lissp2.davaocity.gov.ph/uploads/items/93313/Ordinance No. 019-13.pdf
000034-13,"An Ordinance regulating the use of some streets near the Mintal Public Market in Barangay Mintal, this City, every Sunday from 6:00 A.M. to 6:00 P.M.",https://lissp2.davaocity.gov.ph/uploads/items/93487/Ordinance No. 034-13.pdf
000035-13,An Ordinance approving the 2013-2016 Disaster Risk Reduction Management Plan prepared by the Davao City Risk Reduction and Management Council,https://lissp2.davaocity.gov.ph/uploads/items/93488/Ordinance No. 035-13.pdf
000056-13,"An Ordinance allowing St. Peter chapels to operate a Crematorium at their funeral Parlor as an additional service or business line located at Barangay Panacan, Bunawan District, this City.",https://lissp2.davaocity.gov.ph/uploads/items/93593/Ordinance No. 056-13.pdf
000066-13,"An ordinance authorizing the City Mayor to enter into and sign, for and in behalf of the City Government of Davao,the Memorandum of Agreement to be entered into by and between the City Government of Davao and Southern Philippines and Medical Center (SPMC) relative to the establishment of a partnership and referral system on outsourced services to be provided to the nineteen (19) Helath Centers of Davao City.",https://lissp2.davaocity.gov.ph/uploads/items/93616/Ordinance No. 066-13.pdf
000073-13,An ordinance granting barangay length of service benefits/incentives to all barangay elected officials after their tenure of office and providing funds therefor,https://lissp2.davaocity.gov.ph/uploads/items/93629/Ordinance No. 073-13.pdf
000052-13,"An Ordinance further amending Ordinance No. 153-A, Series of 1990, entitled ""An Ordinance imposing parking fees on all vehicle owners/drivers for using certain streets in Davao City as parking spaces and for other purposes,"" as amended by Ordinance No. 1767, Series of 1990, Ordinance No. 301, Series of 1991, Ordinance No. 687, Series of 1992, Ordinance No. 1062, Series of 1993, Ordinance No. 006--01, Series of 2001 and Ordinance No. 0334-12, Series of 2012",https://lissp2.davaocity.gov.ph/uploads/items/93641/Ordinance No. 052-13.pdf
000053-13,An ordinance establishing the establishment of a hostel at the Davao City Overland Transport Terminal (DCOTT) prescribing its rental rates and for other purposes,https://lissp2.davaocity.gov.ph/uploads/items/93642/Ordinance No. 053-13.pdf
000082-13,"An Ordinance renaming Magsaysay Elementary School, located at Daliao, Toril District, this City, to Ramon F. Magsaysay Elementary  School",https://lissp2.davaocity.gov.ph/uploads/items/93669/Ordinance No. 082-13.pdf
000088-13,"An Ordinance granting authority to the City Mayor to release the Productivity Enhancement Incentive (PEI) based on Resolution No. 012-13, Series of 2013 of the Local Finance Committee (LFC), City Government of Davao entitled ""Recommending approval the implementing guidelines on the grant of incentive for plantilla personnel consultants, job order/contract of service, including grant-in-aid, day care workers, barangay health workers, barangay nutrition scholars, and auxilliary personnel of the City Government of Davao, in recognition of their valuable support in the performance of actual duties and responsibilities towards the attainment and successful accomplishment of the city`s vision, mission and goal, chargeable against any savings of 2013 appropriations,"" in accordance with the Deparrtment of Budget and Management (DBM) guidelines, subject to Commission on Audit (COA) auditing rules and regulations",https://lissp2.davaocity.gov.ph/uploads/items/93675/Ordinance No. 088-13.pdf
000089-13,"An Ordinance creating the policies and guidelines in the establishment and regulation of the night market and weekend street market in the City of Davao, as amended",https://lissp2.davaocity.gov.ph/uploads/items/93678/Ordinance No. 089-13.pdf
000096-13,"An ordinance authorizing the City Mayor to enter into and sign, for and in behalf of the City Government of Davao, the Memorandum of Agreement to be entered into by and between the City Government of Davao and Landbank of the Philippines for livelihood loan facility.",https://lissp2.davaocity.gov.ph/uploads/items/93680/Ordinance No. 096-13.pdf
000101-14,"An Ordinance to provide additional area of one-half hectare out of the city-owned cemetery at Ma-a, for the exclusive use of the muslim comunity as burial site in Davao City and appropriating funds for the construction of its perimeter fence",https://lissp2.davaocity.gov.ph/uploads/items/93753/Ordinance No. 0101-14.pdf
000142-55,"An Ordinance defining nuisances, prohibiting the same  and punishing violations therefore and for other purposes.",javascript:void(0)
000112-14,An Ordinance creating the Davao City Physical Fitness and Sports Development Council (DCPFSDC),https://lissp2.davaocity.gov.ph/uploads/items/93916/Ordinance No. 0112-14.pdf
000113-14,"An Ordinance amending City Ordinance No. 0195-04, Series of 2004, otherwise known as the ""Amended Rerouting Scheme of Davao City"" for a thirty (30) day experimental period",javascript:void(0)
000115-14,"An Ordinance establishing policies, guidelines and rules and regulations for the operation and maintenance of the Pasalubong Center, a tourism-oriented project of the City Government of Davao",https://lissp2.davaocity.gov.ph/uploads/items/93923/Ordinance No. 0115-14.pdf
000137-14,"An Ordinance authorizing the City Mayor to enter into and sign, for and in behalf of the City Government of Davao, the Memorandum of Agreement to be entered into by and between the City Government of Davao and the Department of Education, implementing the project ""Sa Paaralan Ko, Pwede Nang Magrehistro""",javascript:void(0)
000141-14,"An Ordinance granting legislative authority to the City Mayor to enter into and sign, for and in behalf of the City Government of Davao, the Memorandum of Understanding (MOU) to be entered into by and between the City Government of Davao and Korea Engineering and Construction Co., Ltd. (KEC), represented by Mr. Seol Young Man, Chief Executive Officer, for the conduct of a master plan and and pre-feasibility studies for the Davao Light Rail Trnasit (LRT) Railway Project",javascript:void(0)
000171-14,The Davao City Adopt-a-Dog (DAD) Ordinance,https://lissp2.davaocity.gov.ph/uploads/items/94419/Ordinance No. 0171-14.pdf
000172-14,"An Ordinance amending Section 42 of the 2005 Revenue Code of Davao City from ""Time and Place of the Payment - The tax shall be due and payable in advance to the City Treasurer or his duly authorized representative before the materials are extracted and shall be based on the volume applied for in the application for quarry concession"" to ""Tax shall be due and payable every quarter of the Calendar Year to the City Treasurer or his duly authorized representative after the materials are extracted based on the volume applied for in the application for quarry concession""",javascript:void(0)
000173-14,"An Ordinance regulating the use of some streets near the Mintal Public Market in Barangay Mintal, Tugbok District, this city",javascript:void(0)
000177-14,An Ordinance placing underground all electrical and telecommunication wires and cables within the vicinity of City Hall and the Sangguniang Panlungsod of the City of Davao,javascript:void(0)
000178-14,"An Ordinance amending City Ordinance No. 0195-14, Series of 2004, otherwise known as the ""Amended rerouting scheme of Davao City"" for a 90-day experimental period",javascript:void(0)
000189-14,An ordinance prescribing the rules on donations made involving real properties in favor of the City Government of Davao by directing the appropriate government agencies for appropriate action and providing remedies thereof,https://lissp2.davaocity.gov.ph/uploads/items/94520/Ordinance No. 0189-14.pdf
000192-14,"An Ordinance granting authority to the City Mayor to sign, for and in behalf of the City Government of Davao, the memorandum of understanding (MOU) for a Friendship Agreement to be entered into by and between the City Government of Davao, Republic of the Philippines and the City Government of Geumsan County, South Korea, as amended",javascript:void(0)
000201-14,"An Ordinance appropriating funds for the implementation of the death benefit assistance in the amount of Five Thousand Pesos (P5,000.00) for the surviving heirs and other non-related beneficiaries of the bona fide senior citizens of Davao City, providing guidelines and for other purposes, as amended",https://lissp2.davaocity.gov.ph/uploads/items/94636/Ordinance No. 0201-14.pdf
000227-14,An ordinance for the creation of Trust Fund Account for the Office of the Building Official and prescribing procedural guidelines for the disposition and use of the Fifteen Percent (15%) generated from building permit fees and other charges under the National Building Code of the Philippines (PD 1096),javascript:void(0)
000231-14,An ordinance amending the Tourism Code of Davao City,javascript:void(0)
000261-14,"An ordinance granting authority to the City Mayor, Rodrigo R. Duterte, to sign for and in behalf of the City Government of Davao, the Memorandum of Understanding (MOU) of the Big Brother-Small Brother Partnership with the Municipality of Dolores, Abra",javascript:void(0)
000270-15,"An ordinance further amending Ordinance No. 0387-12, Series of 2012, otherwise known as the Internet Cafe Ordinance of Davao City, as amended",https://lissp2.davaocity.gov.ph/uploads/items/95045/Ordinance No. 0270-15.pdf
000284-15,"An Ordinance granting Legislative Authority to City Mayor Rodrigo R. Duterte to enter into and sign, for and in behalf of the City Government of Dava (CGD), the Partnership Agreement between the Philippine Commission on Women and the City Government of Davao for the implementation of the Local Gender and Development Resource Program in Davao City",https://lissp2.davaocity.gov.ph/uploads/items/95111/Ordinance No. 000284-15.pdf
000278-15,"An ordinance granting legislative authority to City Mayor Rodrigo R. duterte, to sign for and in behalf of the City Government of Davao the Memorandum of Understanding to be entered into by and between Alsons Development & Investment Corporation (ALSONS DEV) and the City Government of Davao relative to the establishment of 911 Satellite Office in Cabantian, Davao City",javascript:void(0)
000285-15,"An ordinance authorizing City Mayor Rodrigo R. Duterte for and in behalf of the City Government of Davao, to enter into a Memorandum of Understanding with the Department of Labor and Employment (DOLE), for the full implementation of ""Jobstart Philippines Program"" in Davao City",javascript:void(0)
000304-15,"An ordinance naming the unnamed street leading to Matina Golf Club as ""Emilio Escandor Street""",javascript:void(0)
000309-15,"An ordinance granting legislative authority to City Mayor Rodrigo R. Duterte to enter into and sign for and in behalf of the City Government of Davao the Memorandum of Agreement between Magnolia, Inc. and the City Government of Davao to renew its partnership for a collaborative undertaking in featuring the Mangosteen fruit, the seal and the slogans of the City of Davao, as well as some selected tourist spots",javascript:void(0)
000314-15,"An ordinance authorizing the City Mayor, Rodrigo R. Duterte, to enter into and sign, for and  in behalf of the City Government of Davao, the Memorandum of Understanding (MOU) of the Friendship City Agreement between Davao City and Lucena City",javascript:void(0)
000318-15,"An Ordinance granting legislative authority to City Mayor Rodrigo R. Duterte to enter into and sign, for and in behalf of the City Government of Davao, the Sponsorship Agreement between the Provincial Government of Davao del Norte as the Organizing Committee of the Palarong Pambansa 2015 and the City Government of Davao",javascript:void(0)
000322-15,"An ordinance authorizing the City Mayor to sign for and in behalf of the City Government of Davao, the Memorandum of Agreement to be entered into by and between the National Development Company (NDC) and the City Government of Davao relative to the establishment of Agri-Pinoy Trading Center (APTC)",javascript:void(0)
000323-15,"An ordinance granting legislative authority to City Mayor, Rodrigo R. Duterte, to  enter into and sign for and in behalf of the City Government of Davao, the Memorandum of Understanding (MOU) to be entered into by and between the University of the Philippines (UP) and the City Government of Davao relative to the intention of both parties to establish a sports complex at the former`s Mintal Campus",javascript:void(0)
000325-15,An ordinance closing off the City of Davao to mining operations,https://lissp2.davaocity.gov.ph/uploads/items/95490/Ordinance No. 0325-15.pdf
000328-15,"An ordinance amending Ordinance No. 0365-07, Series of 2007, particularly Section 2, setting forth the covered area from 4,778 square meters to 199,325 square meters",https://lissp2.davaocity.gov.ph/uploads/items/95493/Ordinance No. 0328-15.pdf
000329-15,"An ordinance amending Ordinance No. 2021, Series of 1994, particularly Section 1(A)  (1) which establishes only two (2) satellite terminals in Bankerohan, Davao City, in order to establish three (3) satllite terminals in the same area",https://lissp2.davaocity.gov.ph/uploads/items/95494/Ordinance No. 0329-15.pdf
000330-15,"An ordinance authorizing the City Mayor to enter into and sign for and in behalf of the City of Davao, the Memorandum of Agreement (MOA) to be entered into by and between the City Government of Davao and the Department of Agriculture XI, in relation to the ""Livelihood Project at the Animal Production Center, located in Davao City, funded under Agri-Pinoy Livestock program CY 2014""",javascript:void(0)
000331-15,"An ordinance authorizing the City Mayor to enter into and sign for and in behalf of the City of Davao, the Memorandum of Agreement (MOA) to be entered into by and between the City Government of Davao and the Department of Agriculture XI, in relation to the ""Procurement of Farm Machiniries (Feed Mill) located in Davao City, funded under Agri-Pinoy Livestock Program CY 2014""",javascript:void(0)
000332-15,"An ordinance auhtorizing the City Mayor to enter into and sign for and in behalf of the City of Davao, the Memorandum of Agreement (MOA) to be entered into by and between the City Government of Davao and the Department of Agriculture XI, in relation to the ""Livestock and Poultry Multiplier (Restocking) Project at the Animal Production Center, located in Davao City, funded under Agri-Pinoy Livestock Program CY 2015""",javascript:void(0)
000333-15,"An ordinance allowing desilting operations in the rivers and streams within the wateshed areas of Davao City, amending for this purpose Ordinance No. 0310-07, otherwise known as the ""Watershed Code of Davao City""",https://lissp2.davaocity.gov.ph/uploads/items/95498/Ordinance No. 0333-15.pdf
000334-15,"An ordinance adopting/approving the Davao City Disaster Risk Reduction and Management Fund Investment Plan (DCRRMFIP) for CY 2015, as prepared and approved by the Davao City Disaster Risk Reduction and Management Council in the amount of Five Hundred Forty-Four Million Nine Hundred Thirty-Five Thousand Three Hundred Forty-Three Pesos and 69/100 (P544,935,343.69)",https://lissp2.davaocity.gov.ph/uploads/items/95509/Ordinance No. 0334-15.pdf
000339-15,"An ordinance amending Ordinance No. 0353-12, Series of 2012, entitled ""Promoting Public Private Partnerships (PPP) in the financing, construction, operation and maintenance of local government infrastructure and development projects, as amended",https://lissp2.davaocity.gov.ph/uploads/items/95524/Ordinance No. 0339-15.pdf
000363-15,"An Ordinance renaming Aledia Elementary School to Alfredo A. Aledia Elementary School, located at Sitio Bucana, Barangay Lasang, Bunawan District, this City",https://lissp2.davaocity.gov.ph/uploads/items/95563/Ordinance No. 0363-15.pdf
000395-15,"An Ordinance for the one-way vehicular traffic of Toril Public Market Main Road, Road 1, Road 2, Road 3, and Lao Street (corner Main Road to Agton Street), Toril Poblacion, this City",https://lissp2.davaocity.gov.ph/uploads/items/95726/Ordinance No. 0395-15.pdf
000366-15,An ordinance naming the mini-park located at J.P. Laurel Street corner Dakudao Avenue beside the Buhangin Flyover as Carmen Marfori Soriano Park,https://lissp2.davaocity.gov.ph/uploads/items/95771/Ordinance No. 0366-15.pdf
000378-15,"An ordinance requiring businesses and establishments in Davao City which offer ""Halal"" products and services to acquire hlal certification from the National Commission for Muslim Filipinos (NCMF) accredited certifying bodies, prior to the posting of the word ""Halal"" within their premisees or to use the ""Halal"" logo in their business name",https://lissp2.davaocity.gov.ph/uploads/items/95773/Ordinance No. 0378-15.pdf
000368-15,An Ordinance approving the creation and establishment of the City Disaster Risk Reduction and Management Office (CDRRMO).,https://lissp2.davaocity.gov.ph/uploads/items/95872/Ordinance No. 0368-15.pdf
000408-15,An ordinance granting retirement and other benefits to all qualified Barangay Health Workers (BHWs) and Barangay Nutrition Scholars (BNS) in Davao City and providing funds thereof,https://lissp2.davaocity.gov.ph/uploads/items/96068/Ordinance No. 0408-15.pdf
000415-15,An ordinance declaring the Pantatan Festival as one of the official festivals of Davao City to be celebrated every last week of October every year,javascript:void(0)
000468-15,"An Ordinance requiring senior citizens, persons with disability (PWDs), and minors or persons below eighteen (18) years of age to mandatorily wear lifejackets, by Vessel Operators or Vessel Captains, while on board Vessels, and providing penalties for violation thereof",https://lissp2.davaocity.gov.ph/uploads/items/96196/Ordinance No. 0468-15.pdf
000469-15,"An Ordinance prohibiting all persons , entities, and business establishments in Davao City to charge any fee to senior citizens and persons with disability, for the use of any restroom or comfort room, and providing penalties for violation thereof",javascript:void(0)
000436-15,An Ordinance granting legislative authority to Barangay Sasa to establish and operate a barangay public market,javascript:void(0)
000462-15,Enacting an Ordinance naming the road from Crossing Buhangin to Barangays Tigatto and Mandug as Manuel M. Garcia Road,javascript:void(0)
000463-15,An Ordinance renaming the portion of Tulip Drive from McArthur Highway to Quimpo Boulevard as Carlos L. Villa-Abrille Drive,javascript:void(0)
000467-15,"An Ordinance amending Article 9 (A) (X) of Ordinance No. 0310-07, Series of 2007, known as the Watershed Protection, Conservation and Management Ordinance hereinafter referred to as the Watershed Code",https://lissp2.davaocity.gov.ph/uploads/items/96309/Ordinance No. 0467-15.pdf
000442-15,"An Ordinance naming and designating the health facility in Barangay Tibungco as ""City Government of Davao Tibungco Lying-in"".",javascript:void(0)
000440-15,"An Ordinance amending Ordinance No. 0408-10, Series of 2010, otherwise kniown as ""An Ordinance creating the Davao City Literacy Coordinating Council, defining its power and functions, appropriating funds therefor, and for other purposes"".",javascript:void(0)
000484-16,An ordinance naming and designating the birthing facility inside Bunawan Health Center as City Government of Davao Bunawan Lying-In,javascript:void(0)
000486-16,"An Ordinance enjoining all individuals, private and public offices or entities to use ""Kagan"" not ""Kalagan"" in their files, data, records and other documents when referring to the Kagan Tribe as defined in this Act, for publication, public display, public use and for other purposes and to correct all their existing files, data, records, and other documents to reflect the tribe`s name as ""Kagan"" not ""Kalagan""",javascript:void(0)
000489-16,"An Ordinance granting Legislative authority to Globe Telecommunications Inc. to install. provide, maintain and operate a 42.0 meters- high self support tower (SST)  at Purok 28, Barangay   Ma-a, Davao City, subject to the compliance of the regulatory fee provided for in Ordinance No. 0463-13",javascript:void(0)
000491-16,"An Ordinance specifying and allocating the tax sharing on the remaining seventy percent (70%) of the local business tax of Therma South Inc. (TSI) between Davao City and the Municipality of Sta. Cruz, Davao del Sur, at  60%-40% in favor of Davao City",javascript:void(0)
000492-16,"An Ordinance granting legislative authority to the City Mayor to  sign for and in behalf of the City Government of Davao,  the Memorandum of Agreement to be entered into by and among Therma South Inc.,  the City  of Davao and the Municipality of Sta. Cruz, Davao del Sur, on the sharing and distribution of local taxes",javascript:void(0)
000493-16,"An Ordinance specifying and allocating the tax sharing on the remaining seventy percent (70%) of the local business tax being paid by Black & Veatch (BVIP), Contractor/Service Provider of Therma South Inc. (TSI), between Davao City and the Municipality of Sta. Cruz, Davao del Sur, which is 66.6%-33.3% in favor of Davao City",javascript:void(0)
000506-16,An Ordinance naming and designating the birthing facility inside the seventeen (17) district health centers as City Government of Davao Birthing Home,javascript:void(0)
000515-16,"An ordinance granting authority to the City Mayor to enter into and sign, for and in behalf of the City Government of Davao, the Joint Venture Agreement (JVA) to be entered into by and between the City Government of Davao and Mega Harbour Port and Development, Inc., relative to the Davao Coastline and Port Development Project",javascript:void(0)
000520-16,"An ordinance requiring supermarkets, gorcery stores and other establishments selling raw fish, seafoods meat, meat processed and other meat products, including suppliers thereto, to segregate Halal food from non-halal/haram food items, from delivery to storage display, weighing, slicing, carrying through baskets/carts/trolleys, until its final packing in the payment counter thereby establishing herein a ""Halal Lane"" for this purpose",javascript:void(0)
000548-16,"An ordinance prescribing the functions of the Davao City Treatment and Rehabilitation Center for Drug Dependents, imposing fee/s and for other purposes",https://lissp2.davaocity.gov.ph/uploads/items/96843/Ordinance No. 0548-16.pdf
000550-16,"An ordinance designating names in the streets of Teachers Village, Calinan Poblacion,Calinan District this city.",javascript:void(0)
000077-16,"An ordinance granting exemption from the payment of Mayor`s Permit Fee under Article 26, Section 221, Paragraphs A & D of the Revenue Code of 2005 of the City of Davao for Davao-based Registered Exhibitors in connection with the ""Banana Congress 2016"" on October 6-8, 2016 at SM Lanang Premier,, this city",https://lissp2.davaocity.gov.ph/uploads/items/97196/Ordinance No. 077-16.pdf
000078-16,"An ordinance authorizing the City Mayor to enroll the City Government of Davao in Landmark of the Philippines ""weAccess""",https://lissp2.davaocity.gov.ph/uploads/items/97198/Ordinance No. 078-16.pdf
000090-16,"An Ordinance granting legislative authority to the City Mayor to enter into and sign, for and in behalf of the City Government of Davao, the amended Memorandum of Agreement (MOA) between the City Government of Davao (CGD) and Land Bank of the Philippines (LBP) relative to the livelihood/salary loan facility for City Government Employees",https://lissp2.davaocity.gov.ph/uploads/items/97290/Ordinance No. 090-16.pdf
000120-16,"An ordinance authorizing the City Treasurer to open Trust Accounts for I-REAP subproject entitled ""CACAO PRODUCTION AND MARKETING OF DRY FERMENTED BEANS"" under the Philippine Rural Development Project (PRDP), of the Department of Agriculture (DA)",https://lissp2.davaocity.gov.ph/uploads/items/97469/Ordinance No. 0120-16.pdf
000134-17,AN ORDINANCE GRANTING AUTHORITY TO THE CITY MAYOR TO SIGN THE PERFORMANCE COMMITMENT FOR HCIs (REVISION 2) AND PROVIDER DATA RECORD HEALTH CARE INSTITUTION OF TORIL HEALTH CENTER BIRTHING HOME FOR ITS APPLICATION FOR PHILHEALTH ACCREDITATION FOR MATERNITY CARE,https://lissp2.davaocity.gov.ph/uploads/items/97514/Ordinance No. 000134-17.pdf
000138-17,"AN ORDINANCE AMENDING  CITY ORDINANCE NO. 0195-04, SERIES OF 2004, OTHERWISE KNOWN AS THE ""AMENDED REROUTING SCHEME OF DAVAO CITY"", FOR THE ROUTE ADJUSTMENT OF ROUTE 1 TURNING POINTS ALONG CIRCUMFERENTIAL ROAD AND LOPEZ JAENA STREET",https://lissp2.davaocity.gov.ph/uploads/items/97542/Ordinance No. 0138-17.pdf
000152-17,"AN ORDINANCE REQUIRING ALL TELECOMMUNICATION COMPANIES, DAVAO LIGHT AND POWER COMPANY (DLPC) AND ALL OTHER PERSONS TO COMPLY WITH THE UNDERGROUND CABLING PLAN OF THE CITY OF DAVAO",https://lissp2.davaocity.gov.ph/uploads/items/97688/Ordinance No. 0152-17.pdf
000198-17,"An ordinance amending Ordinance No. 0266-06/Resolution No. 02966-06, Series of 2006 otherwise known as ""An ordinance establishing the Museo Dabawenyo providing for its permanent home and for other purposes,"" particularly Section 4 of the same, to allow the transfer of the Museum`s location from A. Pichon Street to Palma Gil Street, within the premises of People`s Park",https://lissp2.davaocity.gov.ph/uploads/items/98022/Ordinance No. 0198-17.pdf
000227-17,"An ordinance amending pertinent provision of Ordinance No. 0334-12, Series of 2012, otherwise known as the ""Comprehensive  Transport and Traffic Code of Davao City""",https://lissp2.davaocity.gov.ph/uploads/items/98167/Ordinance No. 0227-17.pdf
000228-17,An ordinance prohibiting and penalizing the act  of leaving an unattended bag in a public place,javascript:void(0)
000230-17,"An ordinance punishing the act of recruiting for and membership to terrorist groups, international or local, such as but not limited to ISIS, Al-qaeda and Maute group, the manufacture, distribution and possession of propaganda materials, providing penalties therefor and for other purposes",https://lissp2.davaocity.gov.ph/uploads/items/98196/Ordinance No. 0230-17.pdf
000256-17,"An ordinance establishing an providing an electronic or online system of payment as an alternative mode of payment of taxes, fees, charges and other impositions due to the City Government of Davao",https://lissp2.davaocity.gov.ph/uploads/items/98339/Ordinance No. 0256-17.pdf
000257-17,An ordinance approving the schedule of market values of all lands and base unit construction cost as basis in the 2018 General Revision of Real Prperty Assessments in Davao City and to take effect beginning Calendar Year 2019,https://lissp2.davaocity.gov.ph/uploads/items/98340/Ordinance No. 0257-17.pdf
000258-17,"An ordinance creating the Film Developing Council of Davao City, defining its powers and functions, and for other purposes",https://lissp2.davaocity.gov.ph/uploads/items/98341/Ordinance No. 0258-17.pdf
000273-17,"An ordinance condoning the imposition of real property taxes, transfer taxes, fees and surcharges for real properties donated to and accepted by the City of Davao",https://lissp2.davaocity.gov.ph/uploads/items/98400/Ordinance No. 0273-17.pdf
000291-17,"An ordinance amending the 2005 Revenue Code of the City of Davao, otherwise known as the ""2017 Revenue Code of the City of Davao"" (Sunstar Eratum - 1/27/2018)",javascript:void(0)
000307-17,"An ordinance requiring the mandatory conduct of cultural consultation/orientation on the proper use of Indigenous People (IP) traditional attire during the parades, exhibits, gatherings, presentations, and other related public activities relative to the appropriate and correct representation thereof, pursuant to the mandate of REpublic Act 8371 also known as ""The Indigenous People`s Rights Act of 1997""",https://lissp2.davaocity.gov.ph/uploads/items/98709/Ordinance no. 000307-17.pdf
000361-17,"An Ordinance prohibiting the unauthorized production, manufacture, storage, sale, distribution, possession or use of uniforms and other accoutrements of the Armed Forces of the Philippines, Philippine National Police and other uniformed law enforcement agencies in Davao City",https://lissp2.davaocity.gov.ph/uploads/items/98937/Ordinance no. 000361-17.pdf
000362-17,"An Ordinance creating the Davao City Inter-Agency Coordinating Council on Maritime Safety and Security (Maritime Coordinating Council), defining its powers and functions, and for other purposes",https://lissp2.davaocity.gov.ph/uploads/items/98938/Ordinance no. 000362-17.pdf
000376-17,"An ordinance repealing City Ordinance No. 01710-A, Series of 1975, otherwise known as ""An ordinance banning and/or prohibiting the operation of jukeboxes within the City Public Markets and providing penalties for violations",https://lissp2.davaocity.gov.ph/uploads/items/99011/Ordinance no. 000376-17.pdf
000556-18,"An ordinance recognizing the right of Muslim Women to wear Hijab, Niqab, or Burqa in school campuses, workplaces, commercial establishments and other private or public premises and prohibiting unalwful discrimination and unreasonable restriction thereof and providing penalties thereto",https://lissp2.davaocity.gov.ph/uploads/items/100007/Ordinance no. 0556-18.pdf
000557-18,"An ordinance amending  Ordinance No. 0546-13  or  the Comprehensive Zoning Ordinance of Davao City  particularly Article IX, Section 3 - Urban  Ecological enhancement Sub-zone",https://lissp2.davaocity.gov.ph/uploads/items/100008/Ordinance no. 000557-18.pdf
000601-18,"An ordinance prohibiting and penalizing any act that impedes or obstruct the free flow of traffic along public streets and highways, such as unauthorized road closures, setting up of barricades, stalling of vehicles or other similar acts committed by an individual group",https://lissp2.davaocity.gov.ph/uploads/items/100194/Ordinance no. 000601-18.pdf
000602-18,An ordinance creating the Special Office for Children`s Concern (SOCC) under the City Mayor`s Office,https://lissp2.davaocity.gov.ph/uploads/items/100195/Ordinance No. 000602-18 Special Office for Children's Concern.pdf
000603-18,"An ordinance authorizing the City Mayor to file the appropriate case in court for the fulfillment of the condition to turn over the open space as cited in Sangguniang Panlungsod Resolution No. 2535, dated May 26, 1975",https://lissp2.davaocity.gov.ph/uploads/items/100196/Ordinance no. 000603-18.pdf
000607-18,"An ordinance amending City Ordinance No. 0291, series of 2017, otherwise known as ""The 2017 Revenue Code of the City of Davao"", particularly Article 10, Graduated Tax on Business, Section 76 (b) (graduated tax)",https://lissp2.davaocity.gov.ph/uploads/items/100296/Ordinance No. 0607-18.pdf
000624-18,"An ordinance declaring Barangay Sibulan, Toril District, this city, as an Agricultural Organic Zone and for other purposes",https://lissp2.davaocity.gov.ph/uploads/items/100313/Ordinance no. 000624-18.pdf
000626-18,"An ordinance amending the Revenue Code of Davao City, particularly Section 82 - time of Payment and Section 95 - Time and Manner of Payment, in conformity with Republic Act No. 11032, otherwise known as the ""Ease of Doing Business and Efficient Government Service Delivery Act of 2018"" (Extension Business Permit payment)",https://lissp2.davaocity.gov.ph/uploads/items/100314/Ordinance no. 000626-18.pdf
000627-18,"An ordinance amending Ordinance No. 0291-17, Series of 2017, otherwise known as ""An ordinance amending the 2005 Revenue Code of the City of Davao"", particularly Chapter 2, Section 13, paragraph 4 - Declaration of Real Property by the Owners or Administrators and Chapter 2, Section 14, paragraph 7 - Duty of the Persons Acquiring Real Property",https://lissp2.davaocity.gov.ph/uploads/items/100316/Ordinance no. 000627-18.pdf
000678-19,"An ordinance resorting to Indigenous People`s traditional way of conflict resolution, when invoked by disputing IP parties, in an indigenous cultural community in Davao City",https://lissp2.davaocity.gov.ph/uploads/items/100486/Ordinance No. 0678-19.pdf
000679-19,"An ordinance promulgating policies and measures for the prevention, treatment, care and support of STI, HIV and AIDS in Davao City, strenghtening the Davao City AIDS Council, appropriating funds therefor and providing penalties for violations thereof and for other purposes amending City Ordinance No. 041-02, Series of 2002",https://lissp2.davaocity.gov.ph/uploads/items/100487/Ordinance No. 0679-19.pdf
000682-19,"An ordinance amending City Ordinance City Ordinance No. 0218-09, Series of 2009, otherwise known as ""The Davao City Parks System Ordinance""",https://lissp2.davaocity.gov.ph/uploads/items/100504/Ordinance No. 0682-19.pdf
000697-19,"An ordinance amending Ordinance No. 0306-17, Series of 2017, entitled ""An ordinance creating the City Transport and Traffic Management Office",https://lissp2.davaocity.gov.ph/uploads/items/100607/Ordinance No. 0697-19.pdf
000703-19,An ordinance requiring a Mandatory Public Safety and Security Announcement System in Establishments in Davao City,https://lissp2.davaocity.gov.ph/uploads/items/100613/Ordinance No. 0703-19.pdf
000729-19,An ordinance establishing a transformative  program for children at risk,https://lissp2.davaocity.gov.ph/uploads/items/100683/Ordinance No. 0729-19.pdf
000719-19,"An ordinance approving the Pricing Scheme for Marapangi Homes Resettlement Project as endorsed by the City Pricing Committee, Office of the City Mayor, as the most appropriate and responsive to the beneficiaries of Marapangi Homes Resettlment Project, as amended",https://lissp2.davaocity.gov.ph/uploads/items/100689/Ordinance No. 0719-19.pdf
000720-19,"An ordinance approving the pricing for Tigatto Homes Resettlement Project as endorsed by the City Pricing Committee, Office of the City Mayor, as the most appropriate and responsive to the beneficiaries of Tigatto Homes Resettlement Project, as amended",https://lissp2.davaocity.gov.ph/uploads/items/100690/Ordinance No. 0720-19.pdf
000721-19,An ordinance providing for a Mental Health Program and Delivery System in Davao City,javascript:void(0)
000736-19,"An ordinance extending the deadline of payments with discount for advance and prompt payment of real property tax from March 31, 2019 to September 30, 2019, provided that such taxes are paid on or before the end of the quarter following the date when the NOA was received     Note: amended by Ord. No. 0742-19",javascript:void(0)
000740-19,"An ordinance amending Section 1.3, Article XII, of Ordinance No. 0546-13, Series of 2013, otherwise known as the ""Comprehensive Zoning Ordinance of Davao City for 2013-2022""",https://lissp2.davaocity.gov.ph/uploads/items/100899/Ordinance No. 0740-19.pdf
000742-19,"An ordinance Amending Resolution No. 03168-19 with corresponding Ordinance No. 0736-19, series of 2019, extending the deadline for the payments with discounts for advanced and prompt payment of real property tax for the first quarter, from March 31, 2019 to June 30, 2019, for the year 2019, provided tahta, such taxes are paid on or before the end of the quarter following the date when the Notice of Assessment (NOA) was received",https://lissp2.davaocity.gov.ph/uploads/items/100904/Ordinance No. 0742-19.pdf
000748-19,An ordinance prohibiting the release of flying baloons and lighted sky lanterns in the City of Davao,https://lissp2.davaocity.gov.ph/uploads/items/100932/Ordinance No. 0748-19.pdf
000749-19,"An ordinance amending Ordinance No. 0115-14, entitled, ""An ordinance establishing policies, guidelines and rules and regulations for the operation and maintenance of the Pasalubong Center, a torusim oriented project of the City Government of Davao""",https://lissp2.davaocity.gov.ph/uploads/items/100933/Ordinance No. 0749-19.pdf
000781-19,An ordinance approving the 2018-2022 Comprehensive Development Plan and Davao City Ecological  Profile,https://lissp2.davaocity.gov.ph/uploads/items/101015/Ordinance No. 0781-19.pdf
000782-19,An ordinance mandating the registration and securing of a permit to operate to all private child development centers/learning centers offering early childhood care and development programs for children zero to four (0-4) years of age,https://lissp2.davaocity.gov.ph/uploads/items/101016/Ordinance No. 0782-19.pdf
000785-19,"An ordinance amending Article IV, Section 2, Article VI, Section I, and Article XII, Section 2 of City Ordinance No. 0546-13 or the Comprehensive Zoning Ordinance of Davao City to delineate areas for eco-toursim and agro-tourism activities in Marilog and Paquibato Districts, thi city",https://lissp2.davaocity.gov.ph/uploads/items/101022/Ordinance No. 0785-19.pdf
000706-19,An ordinance prescribing the rates and charges to be imposed at the Davao Food Terminal Complex,https://lissp2.davaocity.gov.ph/uploads/items/101221/Ordinance No. 0706-19.pdf
000161-19,"An Ordinance granting the application of Mother Perpetual Help Association of Sasa, Inc., for Rezoning of a relocation site from Medium d\Density Residential Sub-Zone to Socialized Housing Zone located in Sasa Old Airport, this City",https://lissp2.davaocity.gov.ph/uploads/items/101713/Ordinance No. 0161-19.pdf
000162-19,"An Ordinance granting the application of Amazing Grace Homeowners Association for Reclassification of a 29,298 square meters, more or less,parcel of land covered by Five (5) Land Titles with TCT Nos. 146-2014075838, 146-20104075836; 146-2018011722;0146-2018015577 and T-439828 for a proposed Subdivision from Prime Agricultural Land Sub-Zone to Socialized Housing Zone situated in Barangay Talomo River Calinan district, this City",https://lissp2.davaocity.gov.ph/uploads/items/101714/Ordinance No. 0162-19.pdf
000164-19,"An Ordinance granting the application of San Isidro Labrador Homeowners Association Inc. for Reclassification of a 40,164 square meteres, more or less, parcel of land covered by T371940 Prime Agricultural Land Sub-Zone to Socialized Housing Zone situated at Purok 10, Biao Escuela, Tugbok District, this City",https://lissp2.davaocity.gov.ph/uploads/items/101716/Ordinance No. 0164-19.pdf
000165-19,"An Ordinance granting the application of Villa Rosario Homeowners Association Inc. for Reclasssification of 29,966 square meters, more or less, parcel of land covered by Land Titles: T-376596, CL-6662 and T-265007 from Prime Agricultural Land Sub-Zone to Socialized Housing Zone situated in Barangay Riverside, Calinan District, this City",https://lissp2.davaocity.gov.ph/uploads/items/101717/Ordinance No. 0165-19.pdf
000166-19,"An Ordinance granting the application of St, John Talsay Homeowners Association for Reclassification of 21,648 square meters, more or less, parcel of Land covered by CL-7776 from Prime Agricultural Land Sub-Zone to Socialized Housing Zone located in Barangay Tacunan, Tugbok District, this City",https://lissp2.davaocity.gov.ph/uploads/items/101718/Ordinance No. 0166-19.pdf
000248-20,An ordinance instituting the Davao City Covid-19 enhanced Community Quarantine Policies  ( Please Refer Ordinance  0256-20),javascript:void(0)
000307-20,An ordinance requiring the mandatory wearing of face masks at all times in public places during the community quarantine and/or until after the state of public health emergency is lifted,https://lissp2.davaocity.gov.ph/uploads/items/102585/Ordinance No. 0307-20.pdf
000173-23,"An Ordinance suspending the implementation of Section 39 of Ordinance No. 042-19, Series of 2019, otherwise known as ""An Ordinance further amending the Davao City Investment Incentive Code of 1994"" until December 31, 2023",https://lissp2.davaocity.gov.ph/uploads/items/106629/Ordinance No. 0173-23 -Suspension of Section39 of Incentive Code.pdf
000192-23,"An Ordinance providing a system for addressing and preventing bullying in Educational Institutions, workplaces, and other public areas, as amended",javascript:void(0)
000393-24,"AN ORDINANCE INSTITUTIONALIZING THE PROGRAMS, SERVICES, PREVILIGES AND BENEFITS FOR SOLO PARENTS AND THEIR CHILDREN, APPROPRIAATING FUNDS THEREOF AND FOR OTHER PURPOSES PURSUANT TO REPUBLIC ACT 8972 AS AMENDED BY REPUBLIC ACT 11861, KNOWN AS THE AMENDED SOLO PARENTS WELFARE ACT OF 2000",https://lissp2.davaocity.gov.ph/uploads/items/108203/Ordinance No. 0393-24 - Solo Parents.pdf
000429-24,"AN ORDINANCE ESTABLISHING THE SHELTER FOR THE IP WATCHERS AND RUNNERS OF PATIENTS FROM THE INDIGENOUS PEOPLES AND MUSLIMS BELONGING TO THE ELEVEN TRIBES OF DAVAO CITY, NAMELY: KLATA, ATA, MATIGSALUG, OBU-MANUVU,TAGABAWA, TAUSUG, IRANUN, KAGAN, SAMA, MARANAO, AND MAGUINDANAO",https://lissp2.davaocity.gov.ph/uploads/items/108310/Ordinance No. 0429-24 Shelter for IP Watchers and Runners.pdf
000583-24,"AN ORDINANCE ALLOWING THE REQUEST OF NOEL D. BERSABE, REGISTERED OWNER, FOR A WRITTEN CONSENT AND AUTHORITY FROM THE CITY GOVERNMENT OF DAVAO TO TRANSFER THE TITLE OF THEIR PROPERTY COVERED BY TCT NO. T-421766, INVOLVING A 320-SQUARE METER LOT, DESCRIBED AS LOT 11, BLOCK 7, BCS-2038, LOCATED AT BO. OBRERO, THIS CITY",javascript:void(0)
0622-24,"AN ORDINANCE AUTHORIZING THE CITY MAYOR TO SIGN, FOR AND IN BEHALF OF THE CITY OF DAVAO, THE MEMORANDUM OF AGREEMENT TO BE ENTERED INTO BY AND BETWEEN THE CITY OF DAVAO AND THE DEPARTMENT OF SCIENCE AND TECHNOLOGY (DOST)-REGIONAL OFFICE XI, RELATIVE TO THE PROJECT, ENTITLED ""ENHANCING THE CAPABILITY OF THE DAVAO FOOD AND TERMINAL COMPLEX IN SUPPORT TO THE DELIVERY OF FRESH AND SEMI-PROCESSED AGRICULTURAL PRODUCTS IN THE SUPPLY CHAIN FOCUSING ON PACKAGING TECHNOLOGY AND LOGISTICS""",https://lissp2.davaocity.gov.ph/uploads/items/109199/Ordinance No. 0622-24 MOA DOST-RO XI DFT.pdf
0636-24,AN ORDINANCE GRANTING RELIEF ON SURCHARGES AND INTERESTS ON LOCAL TAX ON TRANSFER OF REAL PROPERTY OWNERSHIP IN SUPPORT OF THE EXTENSION OF THE ESTATE TAX AMNESTY PROGRAM OF THE NATIONAL GOVERNMENT IN VIEW OF REPUBLIC ACT NO. 11956,https://lissp2.davaocity.gov.ph/uploads/items/109282/Ordinance No. 0636-24 Relief on Surcharge and Interest.pdf
0697-24,"AN ORDINANCE FOR THE TEMPORARY CLOSURE OF ROAD TO VEHICULAR TRAFFIC, PARTICULARLY THE DAVAO CITY COASTAL ROAD FROM CROSSING BAGO APLAYA TO CROSSING TULIP DRIVE EVERY SUNDAY FROM 4:00 AM TO 8:00 AM, STARTING ON NOVEMBER 30, 2024, IN CONNECTION WITH THE LETTER REQUEST OF MR. MICHAEL DENTON P. APORTADERA, OFFICER-IN-CHARGE, DAVAO CITY SPORTS DEVELOPMENT DIVISION, PERTAINING TO THEIR PROPOSED PHYSICAL FITNESS PROGRAM DUBBED AS “CAR FREE SUNDAY”",https://lissp2.davaocity.gov.ph/uploads/items/109951/Ordinance No. 0697-24 Car Free Sunday.pdf
